time,temp_max,temp_min,temperature,precipitation,wind_speed,humidity,pressure
2023-03-26,7.8,1.0,3.8,8.5,20.9,68.5336440121683,1011.2000632645984
2023-03-27,9.1,0.3,4.4,0.4,18.5,76.80392183821456,1009.9273520293733
2023-03-28,9.8,-2.3,4.1,0.0,19.9,77.09205540104261,1007.624378149569
2023-03-29,7.8,2.8,5.7,4.0,30.4,69.64633243916315,1009.0637835317308
2023-03-30,6.2,-0.4,3.4,0.2,16.8,69.79167411987022,1017.6056906810738
2023-03-31,5.4,-3.8,1.0,1.3,16.8,74.9225982908497,1014.8264847452697
2023-04-01,9.1,-0.2,3.8,2.6,21.0,77.28540656336146,1014.6830543453957
2023-04-02,9.9,3.3,6.5,0.3,26.2,78.90121495681278,1014.112880107257
2023-04-03,13.4,3.5,8.0,0.6,11.2,72.46416248735784,1010.8305814383008
2023-04-04,13.6,4.4,8.3,0.5,9.3,69.0133964040929,1024.1613239767398
2023-04-05,14.1,1.5,7.4,0.0,17.2,75.2666307351436,1011.8240814238364
2023-04-06,13.9,1.6,7.0,0.0,20.6,74.03717282714352,1018.0686073579626
2023-04-07,10.6,-0.6,4.9,0.0,19.3,79.49998907827806,1018.6177143824168
2023-04-08,12.1,-1.8,5.3,0.0,13.4,74.85505167217838,1022.3078846493032
2023-04-09,13.9,0.1,7.0,0.0,11.9,70.67713894297846,1020.2641600115181
2023-04-10,12.7,0.8,6.9,0.2,11.6,74.96391009806646,1018.4195758514101
2023-04-11,15.2,2.6,8.6,2.6,13.8,76.31089279020681,1017.1032899322983
2023-04-12,17.0,2.2,9.4,0.0,13.3,84.72945025892882,1016.9940215658551
2023-04-13,16.6,3.8,9.8,0.0,27.6,69.09909306364486,1023.4406889247709
2023-04-14,7.6,0.6,3.9,0.0,28.0,70.0479113174072,1016.4060633737671
2023-04-15,8.1,-1.9,2.9,0.0,20.1,76.61894514379746,1019.2425572186556
2023-04-16,12.3,-1.0,5.6,0.0,15.3,79.16981797230123,1022.0596142660602
2023-04-17,13.9,0.2,7.4,0.3,13.0,84.46522490238077,1019.1703343111718
2023-04-18,14.9,4.7,9.7,0.1,12.2,81.28272752464379,1025.7840738234463
2023-04-19,16.1,4.3,10.0,0.0,19.7,79.45244402500548,1020.4957173645432
2023-04-20,16.4,1.9,9.5,0.0,18.1,72.97193796800761,1022.7572784282364
2023-04-21,15.6,2.0,9.5,0.0,18.9,67.51560212485819,1026.1692967331992
2023-04-22,15.1,3.1,9.5,0.0,14.5,80.47373524357673,1023.347414329121
2023-04-23,18.4,2.3,11.2,0.0,12.6,85.18259202575662,1019.6423204993481
2023-04-24,20.7,3.4,13.1,0.0,22.6,82.43925814518273,1019.6487242212181
2023-04-25,18.1,5.5,12.4,0.5,15.1,76.61973165068889,1019.4582652344911
2023-04-26,15.8,7.8,11.3,7.0,24.3,75.85409337616443,1017.2355836754166
2023-04-27,20.1,4.0,13.0,0.7,18.0,86.4086737405092,1023.5314383348367
2023-04-28,15.4,7.1,11.0,3.6,20.0,70.14896304258994,1023.33058452252
2023-04-29,12.9,2.7,6.8,13.9,21.6,90.87219355415279,1023.7620178783638
2023-04-30,12.2,0.3,7.0,3.3,18.7,86.03726488973355,1026.4668099703883
2023-05-01,10.9,3.1,6.6,2.3,24.4,78.52977355396618,1024.0832278587695
2023-05-02,14.2,-0.6,7.7,0.0,11.6,91.49207755824148,1022.8177773467485
2023-05-03,14.4,5.7,10.0,1.4,23.1,77.7670982814865,1023.1654131580137
2023-05-04,13.9,0.9,8.6,0.0,19.4,80.36957584240753,1024.6467775960493
2023-05-05,8.0,1.6,5.3,0.5,23.4,89.2348627900177,1024.1884343490385
2023-05-06,7.0,-1.5,2.6,0.3,24.3,77.30874904681903,1021.6985891166638
2023-05-07,8.3,-2.7,3.1,0.1,15.1,80.57280185192676,1021.1579174869967
2023-05-08,10.7,-2.5,5.1,0.3,10.6,74.3063060489697,1021.1082311701026
2023-05-09,13.1,-0.6,7.5,0.0,8.9,80.93446097781995,1022.3196884501956
2023-05-10,15.9,2.5,10.4,0.0,10.1,78.19132603056053,1028.2524140917048
2023-05-11,17.6,6.3,12.4,1.2,20.3,88.91417952886317,1026.193970768725
2023-05-12,21.0,6.1,13.9,0.0,14.5,85.56265674365055,1021.2689796379503
2023-05-13,22.4,8.1,15.6,0.0,20.0,82.18388480348065,1021.4805759931597
2023-05-14,17.2,8.2,12.8,0.0,16.3,90.01482092720875,1023.0653441178848
2023-05-15,18.8,3.9,12.6,0.0,10.2,88.89991433446849,1026.9263607560774
2023-05-16,20.0,7.8,14.3,0.0,20.2,74.17026773049666,1019.8980894889378
2023-05-17,23.2,8.1,16.4,0.0,15.5,80.54259449764265,1022.6554556867459
2023-05-18,25.4,9.0,18.1,0.0,20.0,89.8567173656123,1017.2313733332855
2023-05-19,17.1,11.2,14.0,3.7,18.6,84.29363199800329,1023.5873105110021
2023-05-20,14.5,8.4,11.2,4.9,21.3,80.66957906856442,1022.4206732831904
2023-05-21,17.0,7.6,12.4,2.6,16.1,93.92786589796172,1019.8608375779054
2023-05-22,21.2,6.8,13.9,3.1,13.8,85.95390663963491,1022.3794225541296
2023-05-23,19.4,9.4,15.4,1.2,18.8,80.15069828569969,1016.4015137466197
2023-05-24,21.5,13.1,17.2,1.7,11.5,88.95538357770356,1019.5322441922157
2023-05-25,20.8,13.0,17.0,5.2,10.0,85.5282617009568,1021.4200948928319
2023-05-26,24.9,10.1,18.4,0.0,11.4,86.42624987657668,1024.9465103245604
2023-05-27,21.4,12.5,16.8,0.0,22.6,82.00273679996816,1021.32727853368
2023-05-28,17.1,8.3,12.4,5.7,21.5,89.47574547405347,1016.0280946615875
2023-05-29,20.6,6.8,14.4,0.0,13.8,89.16793913521342,1022.406047518538
2023-05-30,21.5,7.3,16.0,0.0,12.9,85.89119037459244,1022.9730663444491
2023-05-31,14.3,8.4,11.4,9.1,24.2,85.93762177399975,1014.597999105674
2023-06-01,20.9,5.6,14.7,0.0,25.1,89.0431085699661,1021.9956723253289
2023-06-02,24.0,7.4,15.9,0.3,21.7,87.93783875460467,1018.9834282721264
2023-06-03,12.4,7.1,9.3,5.9,25.4,89.0171947728048,1016.3611565785969
2023-06-04,14.5,3.4,10.0,0.2,20.2,78.43751757364723,1015.6090021430388
2023-06-05,18.0,6.8,12.4,1.2,21.3,86.81543880838227,1023.18750840236
2023-06-06,19.8,6.4,14.3,0.0,18.0,90.30002585617738,1017.410301535049
2023-06-07,22.4,8.6,16.8,0.0,26.5,95.22605367386969,1016.8276270053702
2023-06-08,22.9,10.6,17.3,0.0,12.4,93.14440097421812,1017.376231793144
2023-06-09,24.1,12.4,17.6,0.2,31.8,90.12996061226927,1023.493686640843
2023-06-10,16.8,8.4,12.7,0.0,21.1,88.16463906375061,1019.3156592451177
2023-06-11,17.0,5.6,12.1,0.0,20.9,85.80115052715816,1017.6350313873606
2023-06-12,19.1,6.7,14.1,0.0,24.3,95.418589715357,1018.05582685673
2023-06-13,21.4,7.9,15.7,0.0,21.3,95.69614106073823,1018.6716728964806
2023-06-14,23.9,7.6,17.5,0.0,15.3,83.59086376082747,1016.0661546242036
2023-06-15,25.9,10.1,19.7,0.0,17.2,96.33240052018024,1018.6648375426203
2023-06-16,27.5,11.9,21.3,0.0,15.7,93.5582769224576,1013.8214180630792
2023-06-17,27.1,12.7,21.3,0.0,20.9,80.49892634063704,1014.3351494195264
2023-06-18,24.5,12.5,19.1,0.0,19.0,79.37900533401279,1020.7823840322999
2023-06-19,22.2,10.1,17.2,0.0,13.4,90.04236775250118,1015.8658206152732
2023-06-20,24.5,10.4,18.3,0.1,26.1,89.89180411588549,1017.0707672501497
2023-06-21,21.7,9.5,16.4,0.0,15.9,78.89406323114484,1014.5716574107038
2023-06-22,25.6,8.1,18.5,0.0,19.9,86.26859779315518,1007.7768973763216
2023-06-23,20.7,13.2,17.3,2.5,17.1,91.76402494976709,1014.1199690354881
2023-06-24,19.6,13.4,16.5,0.7,23.5,86.30599083301351,1014.746917129995
2023-06-25,23.0,10.8,17.9,0.0,9.0,92.08868100126817,1011.7648116435201
2023-06-26,24.1,12.5,19.3,0.0,14.4,85.87462345666361,1012.6311731315783
2023-06-27,24.0,13.4,18.2,0.1,18.8,89.44410996720939,1015.3039497376043
2023-06-28,22.0,13.5,17.1,2.1,24.5,87.36207178594411,1006.9099740260027
2023-06-29,21.1,13.9,17.0,12.9,25.4,92.80449826926781,1010.7450409073258
2023-06-30,18.5,12.4,15.6,5.0,15.5,91.96582447957925,1005.734662593373
2023-07-01,24.6,13.5,19.0,1.4,22.9,86.85361464873615,1016.7578734758636
2023-07-02,23.2,15.2,19.1,0.1,21.3,90.79767696930665,1013.7960376752242
2023-07-03,23.4,14.6,19.3,3.0,25.1,91.67763009628658,1004.2028966356223
2023-07-04,25.2,11.6,19.3,0.0,17.1,80.37695145296729,1005.8584719832596
2023-07-05,25.6,13.7,20.4,0.5,19.8,87.15033830256164,1005.719778930238
2023-07-06,28.2,14.1,22.2,0.0,11.2,100.0,1005.3954919258465
2023-07-07,27.2,18.8,22.7,12.6,18.0,82.86427144636666,1011.9702269466289
2023-07-08,22.7,16.8,19.9,2.6,13.9,100.0,1004.4304276365987
2023-07-09,24.0,13.1,19.3,0.0,16.9,98.03037652164244,1006.3781864268096
2023-07-10,20.4,14.3,16.7,0.5,26.8,91.30925931632362,1010.8840426453406
2023-07-11,17.8,12.1,14.5,1.3,23.4,87.05168447693646,1011.9279751103625
2023-07-12,16.5,10.4,13.6,0.2,21.7,98.18146086090266,1005.856316102628
2023-07-13,16.6,12.1,13.6,16.2,23.5,85.59886391146816,1008.8599571484989
2023-07-14,18.2,12.6,15.5,1.7,13.2,89.85509211029235,1002.2909657866729
2023-07-15,19.2,13.6,15.8,4.8,20.0,86.19969366092566,1005.7798616699184
2023-07-16,22.3,12.6,17.6,0.6,18.5,89.31594801552392,1000.7523452540316
2023-07-17,26.4,12.7,20.6,0.0,12.4,76.45985633899967,1003.6263047354388
2023-07-18,26.4,16.6,21.0,8.6,18.4,97.78909213287537,1004.661224135602
2023-07-19,19.2,14.1,16.4,7.4,40.5,94.6136519708405,1005.266565892708
2023-07-20,20.5,12.6,16.8,0.6,27.1,77.28192817990961,1006.2610566995294
2023-07-21,20.9,11.6,16.5,0.2,18.9,88.41745371698718,1007.6888291938498
2023-07-22,22.8,12.2,17.5,0.0,21.6,83.24623237926792,1010.6419842380468
2023-07-23,22.0,12.5,17.1,8.4,22.0,97.66043174830311,1006.9447170349072
2023-07-24,19.2,12.1,15.7,2.4,27.3,81.47595269350302,1006.6104408501835
2023-07-25,23.5,11.8,18.2,4.7,14.7,89.39790222150508,999.5734747136371
2023-07-26,24.2,16.5,20.2,4.5,26.0,96.20357360770075,1005.9227507895749
2023-07-27,24.5,14.9,20.0,23.3,17.0,89.82368581242383,1009.5372055884791
2023-07-28,24.4,16.8,20.7,6.6,22.1,78.00647022977145,1001.2974317076962
2023-07-29,17.5,13.6,15.8,10.7,18.7,86.457899098445,1010.2082419262182
2023-07-30,22.7,11.7,17.6,0.4,19.4,86.19736050008468,1002.8107596759343
2023-07-31,24.5,12.4,18.8,0.0,12.8,83.08419786808909,999.3018897836939
2023-08-01,26.0,13.4,20.1,0.0,10.6,82.32884412781334,1006.1975284356117
2023-08-02,25.6,14.9,20.2,0.5,13.9,82.85854412907796,997.4618971009601
2023-08-03,28.5,17.0,22.6,0.0,15.4,80.43933270876414,999.9985911042904
2023-08-04,27.8,18.7,23.1,0.4,21.3,90.44472341489276,1001.4699232596929
2023-08-05,30.5,16.0,22.8,0.0,17.2,91.57611560858908,1003.3714630411978
2023-08-06,30.7,17.8,24.4,0.0,15.9,88.58604198787536,1000.8817134516404
2023-08-07,29.3,19.6,24.6,0.0,28.0,79.80337934305292,1005.6984090124109
2023-08-08,26.0,19.8,22.8,1.1,24.1,87.92306123342422,1003.3114526945307
2023-08-09,24.6,16.6,20.8,0.2,18.7,85.1629541123761,1001.6930636639381
2023-08-10,24.6,14.4,19.8,0.0,12.1,85.3518055384002,1004.4340667844391
2023-08-11,26.0,14.8,21.0,1.4,20.1,76.18898331895606,1005.6772511009194
2023-08-12,24.1,19.5,21.4,3.0,30.6,80.60886389806362,1000.7146669095483
2023-08-13,20.3,16.6,18.8,1.5,26.3,93.66652683794658,1007.7536789871058
2023-08-14,23.5,15.5,19.2,3.7,23.9,83.22154529195407,1000.7898878996053
2023-08-15,25.0,15.0,20.2,0.1,17.9,80.49570164324437,1000.3196782581308
2023-08-16,25.6,14.4,20.1,0.0,14.8,77.88555751296832,1005.4967686368554
2023-08-17,26.6,14.5,20.9,0.0,7.9,84.76264337076601,1002.8827839968085
2023-08-18,27.7,15.0,21.6,0.7,14.5,89.19973815383784,1005.4703907852662
2023-08-19,27.2,16.6,21.7,0.0,9.1,80.86679631269537,1003.446806871984
2023-08-20,25.2,16.8,20.6,6.3,16.3,82.32565652544221,1001.8084376560241
2023-08-21,20.9,12.6,17.0,0.0,14.5,80.60891358541625,1002.7076254984194
2023-08-22,19.4,12.3,16.1,0.5,10.3,72.51247834496087,1009.421266468444
2023-08-23,19.9,11.8,15.6,1.8,20.8,81.32500041137567,999.2727170618949
2023-08-24,17.1,11.9,14.7,0.6,12.7,82.10909262296377,1001.2992294876243
2023-08-25,18.5,8.4,14.4,0.0,7.9,76.7509547991654,1003.2719229360827
2023-08-26,19.2,8.4,14.5,0.0,16.0,76.8134805546918,1001.9136966683876
2023-08-27,21.0,10.4,15.3,0.2,11.2,72.70149117080106,1007.1196504946802
2023-08-28,20.3,9.9,15.6,0.0,12.3,74.99083285094132,999.5396684729186
2023-08-29,17.4,9.9,13.7,0.4,11.7,82.40346870846273,1003.7500639357668
2023-08-30,20.2,11.3,15.9,0.0,9.2,83.94611338147286,1006.2773078673015
2023-08-31,24.7,11.6,18.2,0.0,16.2,80.79823314940336,1005.403963520699
2023-09-01,26.6,14.3,20.2,0.0,14.8,73.499152409782,1006.5798834810681
2023-09-02,20.8,14.3,17.2,6.1,13.5,84.22158465878562,999.3314174453973
2023-09-03,22.0,12.6,16.9,0.0,9.2,78.23462373867375,1009.4948979426489
2023-09-04,21.7,10.5,16.1,0.3,12.5,79.1108605652895,1004.322165041043
2023-09-05,21.5,9.9,16.1,0.0,13.5,73.62535836952178,1011.9627635290509
2023-09-06,21.2,12.0,16.1,0.5,31.1,64.44877608996535,1009.5337027669358
2023-09-07,16.4,8.1,12.3,0.0,27.1,77.5240460869399,1004.4596027721765
2023-09-08,14.8,8.4,11.6,0.3,28.8,76.64946119664428,1009.8143207898453
2023-09-09,16.2,6.3,11.8,0.0,24.5,77.38684941779802,1010.0876216386193
2023-09-10,18.0,8.2,13.3,0.0,12.3,73.30317362558982,1007.8673485514341
2023-09-11,19.2,7.2,12.8,0.0,9.4,66.71838014779877,1009.4778719003295
2023-09-12,19.0,6.5,12.7,0.0,10.0,69.86693372758957,1005.1716492659533
2023-09-13,19.8,6.7,13.3,0.0,10.0,69.09485890880053,1011.4984703597538
2023-09-14,19.9,6.7,13.6,0.0,14.0,71.30705278217864,1009.7003799390279
2023-09-15,20.5,8.0,14.4,0.3,12.8,73.14946767302573,1012.5942078839277
2023-09-16,16.2,7.2,12.3,0.1,18.2,72.1202689983905,1009.7138975202699
2023-09-17,17.5,4.1,11.2,0.0,15.4,82.11631308378536,1007.9346442706585
2023-09-18,17.0,8.4,12.6,0.0,18.3,60.65904734280444,1016.6725799119739
2023-09-19,20.4,7.3,13.7,0.5,17.8,75.2044998026119,1012.7721986370885
2023-09-20,23.7,12.3,17.6,0.0,24.6,78.29442511278091,1013.048928237421
2023-09-21,20.1,13.6,16.9,0.0,20.7,77.04615802816814,1013.3096500607211
2023-09-22,24.4,11.4,17.3,0.0,17.0,73.85267155752196,1013.9349070040865
2023-09-23,23.9,12.6,17.6,0.0,25.3,62.42691057953819,1011.2320098642097
2023-09-24,24.4,13.1,18.3,0.0,23.2,74.91182940253334,1021.4285709314888
2023-09-25,19.0,9.8,15.4,2.2,17.2,74.06392083279385,1016.4613617948347
2023-09-26,17.0,5.9,11.4,0.0,9.0,71.43386011060828,1014.8537639655383
2023-09-27,18.9,5.9,12.2,0.0,12.1,71.08530726695152,1015.886764932921
2023-09-28,21.2,6.9,14.1,0.0,19.1,57.822535953332945,1017.2086605859355
2023-09-29,22.6,10.4,15.7,0.0,12.3,74.69348144784826,1015.9636780758203
2023-09-30,22.0,10.8,16.0,0.0,25.3,79.1646394698656,1019.393572329118
2023-10-01,17.2,10.2,13.7,2.6,20.3,66.84720461605185,1012.3163223501597
2023-10-02,13.8,7.2,10.3,0.2,15.0,72.24772097161548,1013.2444055069038
2023-10-03,15.8,6.0,10.9,0.0,22.2,66.50592285429543,1013.81023509742
2023-10-04,17.2,11.1,13.6,1.3,35.5,70.74280366993084,1015.0013048517733
2023-10-05,14.1,8.1,10.9,0.2,25.9,62.039159208622024,1014.7169342854577
2023-10-06,12.9,4.7,9.0,3.5,37.8,59.44089251674589,1014.7074496972169
2023-10-07,9.4,0.2,4.8,13.1,31.4,72.76561176851015,1020.0591989664066
2023-10-08,6.5,1.9,3.8,6.2,39.6,64.07942395413579,1018.5867910001152
2023-10-09,4.8,1.8,3.1,2.7,30.0,61.529705119554166,1022.535651360048
2023-10-10,3.7,0.6,2.4,1.1,22.5,62.00578129535005,1024.6930675523997
2023-10-11,7.1,-1.5,3.5,0.0,31.7,56.25229906617659,1026.4446880578657
2023-10-12,12.2,5.2,9.3,3.5,36.7,70.78331121668988,1018.3812195283967
2023-10-13,12.1,5.4,8.8,0.0,32.0,59.377211252014185,1016.6131170736945
2023-10-14,13.8,5.2,9.4,4.9,31.4,70.69050855174818,1017.8489297575364
2023-10-15,13.5,7.8,11.1,6.4,29.7,60.80624660093153,1022.8684420900585
2023-10-16,7.8,5.3,6.7,5.0,15.5,63.84719290389104,1020.2906644844062
2023-10-17,5.4,1.4,3.5,2.1,32.4,65.72131402941487,1018.689655380293
2023-10-18,5.7,1.4,4.1,2.7,24.9,75.24740256029607,1026.0226234761221
2023-10-19,5.9,3.8,4.7,2.4,13.6,55.353066938074434,1024.4451280611966
2023-10-20,5.9,2.9,4.0,1.0,18.6,56.94615671625005,1026.5114719686724
2023-10-21,4.9,-3.0,1.7,0.3,20.7,58.02723603164848,1016.4160960038639
2023-10-22,3.5,-3.2,1.2,0.6,17.7,62.50149916902477,1023.2755651095327
2023-10-23,6.0,1.6,3.9,10.7,17.1,56.14210982696693,1024.632755248223
2023-10-24,2.3,-1.0,1.0,2.2,18.4,53.98442021438001,1025.2607700709882
2023-10-25,0.8,-3.8,-1.5,0.0,10.9,57.93393117563641,1023.6214654127772
2023-10-26,0.8,-4.2,-1.8,0.6,26.9,55.39193280135516,1017.093543225042
2023-10-27,-0.3,-2.8,-1.6,9.5,24.3,60.48111531083717,1023.0878432690325
2023-10-28,0.2,-1.6,-0.7,7.4,19.0,60.24656108883675,1021.4512621708822
2023-10-29,0.6,-0.9,-0.4,1.9,18.2,51.84658492287195,1025.700109611491
2023-10-30,5.4,-5.2,0.6,9.9,22.4,51.4845660741237,1020.0768019812275
2023-10-31,10.2,4.6,6.9,0.0,19.7,63.150637555269626,1022.5285531271006
2023-11-01,14.6,8.1,11.2,0.0,25.8,58.479943213156474,1021.854224023053
2023-11-02,11.3,1.2,7.3,9.3,23.3,57.33717627582554,1024.3804418632963
2023-11-03,5.5,-1.3,1.0,0.0,13.3,63.3423099886587,1027.2616425492645
2023-11-04,6.6,-1.8,2.2,2.1,25.2,56.494793989412535,1020.7722277842411
2023-11-05,11.7,6.8,9.2,9.7,34.8,56.03639973158554,1022.3233711229836
2023-11-06,10.4,7.2,9.2,6.5,24.5,49.48660834746671,1021.8050635483665
2023-11-07,9.2,5.7,7.9,0.6,21.7,56.0882849967972,1023.2452187014776
2023-11-08,7.8,2.8,5.9,0.8,19.8,51.88649027928928,1025.3370738644294
2023-11-09,7.2,0.3,3.6,0.1,13.6,51.15151496535788,1023.6302469547894
2023-11-10,6.3,3.0,4.5,0.0,15.8,74.22536463975337,1020.5797271929869
2023-11-11,6.4,2.2,3.7,0.0,17.9,57.914758138880345,1025.6352170635787
2023-11-12,7.4,1.4,4.0,7.4,29.5,55.92066105625233,1022.8506197498713
2023-11-13,7.2,1.9,4.0,6.3,31.6,52.928647451884665,1017.3863646351289
2023-11-14,4.0,2.3,3.0,5.3,26.8,65.217746248625,1017.4465743190202
2023-11-15,3.2,-0.2,1.6,0.0,13.7,51.22306178914199,1020.635702659803
2023-11-16,1.1,-1.4,0.2,0.2,14.0,60.79937483838477,1018.1685348163951
2023-11-17,-1.7,-7.2,-4.0,0.0,14.2,55.39711435847457,1022.0839488484258
2023-11-18,-4.2,-8.5,-7.2,0.0,7.0,57.10741152266731,1020.6572848404679
2023-11-19,-5.2,-8.9,-6.7,0.0,6.6,53.16610732071106,1022.3193145646951
2023-11-20,-5.0,-8.8,-6.9,0.0,17.1,61.45209912710499,1024.177759548248
2023-11-21,-6.4,-9.4,-8.1,0.5,19.3,55.6191289409464,1020.5421987806776
2023-11-22,-6.7,-8.8,-7.6,0.4,22.3,48.68242245692473,1017.6180744908895
2023-11-23,-6.6,-7.9,-7.6,2.3,25.5,50.61583640384478,1021.5540155413099
2023-11-24,-5.6,-7.6,-6.6,2.9,18.8,42.42510416450067,1019.9803635543519
2023-11-25,-5.6,-7.4,-6.6,1.1,12.4,54.70964583893907,1022.5732671819599
2023-11-26,-4.8,-7.7,-5.8,0.9,22.6,58.65029667398123,1024.9154563222446
2023-11-27,2.2,-5.3,-1.0,17.1,30.5,64.01572828152717,1020.0227885820674
2023-11-28,-2.3,-7.6,-5.3,0.9,27.8,51.21894423932538,1022.0134470263172
2023-11-29,-1.8,-17.5,-9.0,1.0,32.7,48.32811648969357,1022.7314039607953
2023-11-30,0.2,-5.6,-2.8,3.4,35.8,55.798336994717545,1024.4360174323015
2023-12-01,-3.7,-7.2,-5.4,1.6,25.3,49.619897014646995,1020.4652804520748
2023-12-02,-4.8,-8.3,-6.5,0.3,13.1,46.05508889394058,1017.5204408813745
2023-12-03,-5.2,-6.6,-6.0,8.9,22.5,52.72417860913982,1021.1043880144102
2023-12-04,-6.3,-9.1,-7.5,0.8,24.3,58.23903309126071,1019.1122483798478
2023-12-05,-10.4,-16.2,-12.4,0.4,15.0,55.66183717198892,1014.9270505064944
2023-12-06,-11.5,-17.4,-14.8,0.0,8.0,44.409505827128086,1019.5989498874733
2023-12-07,-11.0,-15.1,-12.7,0.0,14.4,49.936572783219134,1011.289157381518
2023-12-08,-13.3,-15.4,-14.3,0.0,22.5,54.06368955339491,1020.7026644090514
2023-12-09,-13.3,-15.7,-14.7,1.7,23.2,55.99658749349574,1015.9354177857623
2023-12-10,-9.9,-14.3,-11.7,2.5,24.7,48.98733684909706,1015.7204484129629
2023-12-11,-6.7,-9.7,-8.0,2.9,27.7,45.353062201708404,1015.69032519881
2023-12-12,-5.1,-7.9,-6.9,3.8,29.2,43.384029086130916,1011.7119642237665
2023-12-13,-7.8,-12.4,-11.1,2.9,29.9,45.36356808618531,1014.108218889625
2023-12-14,-9.5,-11.8,-11.0,5.8,25.1,55.13755484130692,1018.7402905169789
2023-12-15,-6.7,-12.1,-8.8,10.2,26.6,41.670998717455646,1015.6060185599522
2023-12-16,-3.8,-11.9,-7.4,0.4,22.9,57.75548092868914,1013.2052295238068
2023-12-17,2.5,-7.6,-2.3,2.6,33.5,49.24685373953697,1013.2866908459416
2023-12-18,1.7,-5.8,-1.8,0.0,23.0,49.55811380417545,1014.9839088440099
2023-12-19,3.1,1.1,1.8,2.0,35.3,54.37070384850129,1008.1599437418943
2023-12-20,3.2,-0.6,1.8,1.1,29.5,47.51059564497623,1015.2546013528846
2023-12-21,0.9,-0.3,0.3,6.3,22.3,49.3666476722969,1009.0960493466154
2023-12-22,1.0,-2.5,-1.0,0.0,28.1,47.39449154743706,1012.9982649264027
2023-12-23,1.4,-0.9,0.6,1.4,26.2,46.47751082151065,1011.0406701765636
2023-12-24,-1.4,-8.6,-3.8,2.2,19.7,45.648769848977146,1011.7830252494132
2023-12-25,-2.9,-9.4,-4.7,1.0,18.7,53.29813862325421,1015.1965100814737
2023-12-26,0.6,-3.5,-2.0,1.4,26.8,50.609777827074005,1012.0668166059376
2023-12-27,-2.2,-8.0,-4.2,0.1,15.3,48.146045025204025,1010.6355746315642
2023-12-28,-2.9,-6.7,-4.3,0.0,19.8,47.75621996498133,1019.2017832283651
2023-12-29,1.6,-7.0,-2.3,2.7,21.9,50.381999981043755,1008.2351660447424
2023-12-30,1.9,0.2,1.3,8.9,24.8,47.85341657356058,1008.0408156061851
2023-12-31,1.1,-12.8,-2.9,1.1,25.7,51.92570505974887,1009.4639995827777
2024-01-01,-12.9,-19.0,-15.9,0.0,25.1,48.955385479218734,1005.3822671231286
2024-01-02,-19.0,-24.5,-21.9,0.0,17.8,54.26059380452376,1003.2866043811185
2024-01-03,-24.8,-28.5,-26.6,0.0,13.6,53.69859690777257,1006.348971250531
2024-01-04,-24.8,-29.8,-27.5,0.0,10.2,49.289351522196604,1011.686655940216
2024-01-05,-20.3,-27.8,-24.3,0.0,9.8,46.19661998052698,1003.2669887114733
2024-01-06,-15.9,-23.4,-18.4,2.2,9.7,55.71454011573125,1005.4172123490603
2024-01-07,-22.5,-28.2,-24.8,0.0,12.9,41.14821092307014,1012.5589896406901
2024-01-08,-11.2,-28.6,-20.5,0.7,21.3,45.72662161171331,1012.4826988050105
2024-01-09,-4.4,-10.7,-8.3,3.1,22.1,50.95093001335424,1007.1303147780806
2024-01-10,-1.1,-12.1,-8.4,2.7,34.9,50.1081571655451,1009.5407382937702
2024-01-11,0.2,-12.5,-6.2,6.5,41.8,50.32345093574596,1004.1152022920435
2024-01-12,-11.6,-23.2,-15.5,0.5,32.7,49.6835000442054,1003.1986359297105
2024-01-13,-23.0,-31.0,-27.3,0.0,14.8,45.25282324511261,1009.5789482926377
2024-01-14,-7.7,-28.0,-18.4,0.4,22.1,55.219783453605174,1003.0459955145388
2024-01-15,-1.6,-7.2,-3.7,1.8,27.9,54.23416415226783,1005.9748186855027
2024-01-16,-1.9,-4.8,-3.1,2.3,28.2,59.400689797919114,1005.5900985773712
2024-01-17,-4.8,-15.4,-11.4,0.4,30.4,54.048904099052535,1004.2206928418492
2024-01-18,-4.7,-21.0,-13.3,9.2,45.4,56.79807483539082,1003.8415807534742
2024-01-19,0.2,-12.7,-7.0,2.3,19.8,52.13944361240889,1006.401933678371
2024-01-20,-5.0,-14.5,-10.1,0.0,15.1,54.90139740710332,1000.4323219339188
2024-01-21,-11.6,-17.3,-13.6,0.0,14.3,53.946183514663346,1003.1933769908297
2024-01-22,-8.5,-12.9,-10.4,0.0,36.6,48.644977247463835,1005.7311051987182
2024-01-23,-3.0,-9.1,-5.1,2.1,36.3,47.53575462761079,1002.7916832726012
2024-01-24,0.3,-3.5,-1.4,0.4,27.4,58.0542806182725,1001.6151889789824
2024-01-25,-0.3,-2.5,-1.1,4.0,27.2,55.246813392503306,1001.2154080959903
2024-01-26,-2.6,-6.0,-4.2,2.8,14.3,55.812381014344105,1004.4119173121098
2024-01-27,-4.9,-8.7,-6.5,1.0,11.1,52.65015560714109,1004.0307361511203
2024-01-28,-3.7,-15.4,-7.5,0.1,11.9,47.76731091388972,1002.9756016888907
2024-01-29,-2.2,-14.9,-6.2,0.0,27.0,52.43483669946177,1005.326606100533
2024-01-30,0.9,-5.2,-1.0,0.0,27.0,58.66588216191366,1003.5642501386093
2024-01-31,-1.2,-9.6,-4.7,0.0,18.2,59.388618214834636,1005.9891149140376
2024-02-01,1.4,-2.9,-0.1,2.0,20.8,53.19037719368017,1000.3800218506442
2024-02-02,-0.8,-4.9,-2.2,2.3,29.2,51.58460793006553,1007.767895189669
2024-02-03,-2.2,-10.2,-5.7,0.4,24.6,55.076143664541064,1000.8350558683757
2024-02-04,0.9,-2.8,-0.7,4.8,36.3,61.04406198433298,1005.3845783367303
2024-02-05,-2.0,-8.4,-5.3,0.0,19.6,53.22588524162622,1007.5767930924189
2024-02-06,-3.3,-11.8,-6.4,0.2,20.4,60.03927641855243,1010.5203278464846
2024-02-07,-6.2,-16.1,-10.1,7.0,28.6,60.88426977199771,1000.0430785361841
2024-02-08,-8.9,-18.0,-14.8,0.8,29.2,47.77578733839014,999.7406602731494
2024-02-09,-10.4,-19.7,-15.1,0.0,24.1,56.79236869171646,1004.8283432457976
2024-02-10,-17.1,-23.9,-20.9,0.0,14.0,55.121006954154005,1008.048620078063
2024-02-11,-6.8,-18.9,-12.8,0.0,24.4,52.984284787764196,1005.0491694326306
2024-02-12,-1.6,-6.6,-3.7,4.1,17.9,62.912108013461385,1003.7521129498016
2024-02-13,-3.0,-12.2,-6.9,0.0,22.5,58.760416144260674,1002.7976568754456
2024-02-14,-9.4,-15.6,-12.2,0.0,28.7,65.22359313928985,1002.6097039792228
2024-02-15,-10.2,-13.1,-11.8,11.3,30.3,56.520189593200016,1005.6647704561344
2024-02-16,-8.3,-10.4,-9.3,2.2,18.4,58.499479314844514,1002.9985603612978
2024-02-17,-1.5,-9.1,-5.7,0.0,29.0,60.63544929965708,998.4427640957362
2024-02-18,0.4,-4.9,-1.7,5.5,30.4,62.09858638158668,1009.1437267974652
2024-02-19,-5.5,-9.5,-7.3,0.0,18.1,55.927269524310375,1005.0013090494155
2024-02-20,-7.1,-10.6,-8.8,0.0,19.1,55.4982445937712,1007.0599447241601
2024-02-21,-4.2,-11.8,-8.1,0.0,24.1,57.342477212308914,1005.7312210229239
2024-02-22,-2.2,-5.3,-4.0,0.0,23.7,56.813347318998794,1002.2860881289521
2024-02-23,1.3,-2.9,-0.9,1.4,31.5,60.094893532922995,1008.6163022039851
2024-02-24,1.2,-1.6,-0.1,1.1,32.1,60.02302518036543,1007.4267566662153
2024-02-25,0.9,-1.6,-0.5,1.5,33.4,56.33359017356945,1005.148550453693
2024-02-26,-1.2,-6.3,-3.4,0.0,26.3,60.431339743040986,1004.3095941441774
2024-02-27,0.9,-7.2,-3.9,0.0,22.0,56.59530661571538,1006.308585963239
2024-02-28,1.9,-7.7,-3.7,0.0,21.9,58.69357435938414,1005.9154171441656
2024-02-29,1.8,-4.4,-1.3,0.1,21.7,52.28781350601304,1007.024059804607
2024-03-01,1.1,-2.3,-0.3,0.0,11.1,62.040540663843146,1005.82670880542
2024-03-02,0.2,-7.3,-3.1,0.0,14.3,58.443239495172044,1006.2349619446859
2024-03-03,1.5,-10.9,-4.9,0.0,16.2,60.35698486887672,1008.2013814479584
2024-03-04,0.5,-12.4,-6.0,0.0,13.4,56.70136267380479,1006.8791028186035
2024-03-05,0.1,-11.1,-5.0,0.0,23.6,72.9683667195284,1007.7452181067843
2024-03-06,-2.4,-14.4,-8.5,0.0,13.9,71.08549764903312,1009.0344733885819
2024-03-07,1.5,-16.8,-8.4,0.0,16.6,69.78138740798033,1007.2923798932268
2024-03-08,-0.4,-9.4,-4.7,0.3,23.2,66.38331775299618,1005.1241065080309
2024-03-09,-3.0,-12.7,-7.0,0.0,24.1,63.87322817922975,1005.9882310752079
2024-03-10,-3.8,-14.9,-9.8,0.0,15.7,64.8435530419423,1005.0746270721565
2024-03-11,1.5,-14.8,-5.7,0.1,25.5,65.01180352660147,1010.7524627725574
2024-03-12,2.0,-8.9,-2.2,0.0,21.3,74.03590310239882,1012.5960158320936
2024-03-13,1.6,-11.6,-5.1,0.0,18.2,60.41136316661971,1008.9526469691604
2024-03-14,2.8,-10.0,-3.8,0.0,18.5,59.57123799238079,1010.4051404268611
2024-03-15,3.4,-6.1,-1.0,0.0,20.2,67.13789786668195,1011.5323893034897
2024-03-16,4.3,-3.5,0.6,0.0,17.1,62.629220993508454,1015.1223350709655
2024-03-17,3.7,-5.8,-0.7,0.0,14.3,63.00937649440536,1016.247296749054
2024-03-18,3.5,-2.2,0.9,0.0,13.7,67.60059302459169,1009.3702880949377
2024-03-19,2.5,-2.0,-0.1,0.0,15.3,70.24455614202309,1016.5374584658346
2024-03-20,2.9,-7.8,-2.5,0.0,11.5,72.31348592431468,1011.4724711473817
2024-03-21,3.3,-7.9,-2.8,0.0,13.7,62.49154546196288,1013.3248773795668
2024-03-22,4.5,-9.6,-2.7,0.0,23.2,72.61889261417592,1009.1818037015879
2024-03-23,3.8,1.5,2.6,4.2,30.6,66.06566301612207,1011.3091249540095
2024-03-24,4.6,-1.5,1.8,2.5,23.9,75.24523055153793,1013.9028974257417
2024-03-25,4.3,-3.8,1.3,0.0,21.0,68.34702671733987,1014.5753531114511
2024-03-26,3.8,-5.8,-0.2,0.0,10.4,78.5991103572037,1008.7264756999263
2024-03-27,6.4,-4.7,0.6,0.0,11.9,65.92963813809597,1014.7066422633523
2024-03-28,5.1,-6.7,-0.3,0.0,15.8,71.21179693722864,1009.1649154917491
2024-03-29,5.7,0.1,3.1,0.2,18.4,78.15777019750001,1019.7127973705684
2024-03-30,11.3,2.0,5.6,1.5,20.8,72.28527465442856,1021.3740988709773
2024-03-31,15.4,0.3,7.4,0.0,13.7,61.855328352948106,1019.0923997805992
2024-04-01,19.5,6.6,12.7,0.0,23.6,66.90050572783765,1017.2051416446172
2024-04-02,21.8,7.4,14.3,0.0,18.8,78.68829733119215,1013.064837042075
2024-04-03,16.4,4.7,11.2,1.0,47.0,82.50913356624612,1012.7221984379125
2024-04-04,5.6,-0.8,3.7,0.5,25.0,63.555660890728525,1015.27905480474
2024-04-05,3.7,-4.8,-0.6,0.0,17.3,73.09769691084087,1012.5278091522297
2024-04-06,7.9,-2.7,2.3,0.6,17.3,73.01292350624108,1016.9653824861932
2024-04-07,14.6,-0.4,6.9,0.1,15.6,72.81291014563837,1013.9804546646043
2024-04-08,17.6,5.1,11.1,2.0,26.5,74.13590013547751,1018.0108833926339
2024-04-09,18.6,7.2,13.1,0.5,14.8,72.06479318234491,1017.1874907388116
2024-04-10,19.9,7.1,13.9,0.0,13.5,78.6906545717666,1020.0923912726788
2024-04-11,17.4,8.6,13.8,0.0,21.0,78.91174874487605,1022.4081574746751
2024-04-12,14.8,6.7,10.7,1.4,34.7,77.97179230689211,1020.4749540068925
2024-04-13,13.3,3.0,8.8,0.1,17.7,75.55267652098276,1019.9267654620038
2024-04-14,13.6,3.1,9.2,2.6,22.8,73.85390696917264,1018.470234251303
2024-04-15,10.0,4.1,7.3,2.7,33.7,77.40084122047358,1021.5950881036931
2024-04-16,12.8,3.6,8.1,0.2,23.7,77.42331397608672,1023.6727902859371
2024-04-17,12.4,6.3,9.1,5.9,17.0,72.97607034010167,1020.1688166949018
2024-04-18,10.0,2.5,6.4,4.0,23.4,72.88753381058982,1025.5183463827927
2024-04-19,15.6,2.6,8.0,3.6,38.9,81.00190618840884,1020.3461885034569
2024-04-20,11.2,0.3,5.3,1.2,28.0,80.47299261839504,1019.7516870771744
2024-04-21,16.1,2.1,10.1,0.0,37.1,83.15174504750128,1022.8848081485099
2024-04-22,16.8,6.7,12.7,0.0,29.5,78.58159128161695,1018.562958597794
2024-04-23,13.4,4.0,8.5,0.0,19.1,82.89243597203493,1019.6448860997203
2024-04-24,13.4,-0.1,7.4,0.0,15.9,87.32073109643568,1020.3601578053406
2024-04-25,20.0,8.4,13.2,1.4,27.4,79.52987237038599,1019.8842249273794
2024-04-26,21.3,8.6,15.2,2.9,20.9,82.33310439060143,1017.0521520808726
2024-04-27,14.2,5.8,11.5,16.9,22.5,71.66496326376955,1021.8581810619514
2024-04-28,15.6,3.3,10.2,0.0,10.2,84.55832037863327,1016.981991724014
2024-04-29,18.4,3.7,11.9,0.0,12.8,82.64801307965809,1019.20519894994
2024-04-30,21.1,7.4,14.7,0.0,27.4,75.3314836455119,1018.1070267057924
2024-05-01,18.5,8.7,14.1,0.1,21.0,78.91607237785604,1025.4386975363846
2024-05-02,11.4,4.9,8.4,0.0,19.6,83.11444459744385,1018.2285567024271
2024-05-03,9.1,3.0,5.5,0.0,19.5,75.16769914600792,1021.0856803454599
2024-05-04,13.6,-1.4,7.1,0.1,16.6,83.52582573847579,1021.929767095498
2024-05-05,11.6,2.7,8.7,4.4,34.1,89.59688417727233,1019.1462507806443
2024-05-06,8.9,1.2,5.6,0.0,21.6,79.79048915461941,1024.5616588308012
2024-05-07,4.7,1.6,2.7,8.4,24.7,92.01802963957529,1022.9842660777017
2024-05-08,5.8,-0.8,2.4,2.0,28.7,79.33281332552056,1020.0995500955369
2024-05-09,5.7,-1.8,1.7,1.8,33.4,91.34205760999977,1020.2378076850682
2024-05-10,12.2,0.6,6.5,0.5,27.8,84.57332998980117,1022.5984572284851
2024-05-11,10.6,4.0,7.3,3.1,25.6,90.27630755191444,1020.9462513995801
2024-05-12,6.1,1.0,3.8,0.2,17.0,80.34227156929516,1026.1272118248821
2024-05-13,9.7,-1.1,4.8,0.0,12.4,86.91573198462969,1027.8150054350874
2024-05-14,11.8,0.1,6.4,0.1,9.4,87.1185518122784,1024.5125898690303
2024-05-15,16.1,1.5,9.6,0.1,10.6,89.70750861657005,1027.4546919196066
2024-05-16,20.0,4.9,13.1,0.1,16.6,77.89263660427164,1019.4300630160219
2024-05-17,20.4,9.3,15.1,3.3,17.4,93.07823924657656,1022.4199513014498
2024-05-18,19.8,6.5,13.7,0.0,15.6,88.0268403645442,1020.2417275997043
2024-05-19,19.1,5.7,13.3,0.0,13.0,85.48767002504782,1020.7449261777301
2024-05-20,23.9,8.9,16.8,0.0,16.8,81.7854972882734,1022.6746851385375
2024-05-21,23.5,11.1,17.1,7.4,14.1,85.68860013129331,1022.8525623237663
2024-05-22,21.8,10.1,16.4,0.0,17.7,83.35981547681209,1023.9951867108591
2024-05-23,19.2,7.7,14.3,0.0,14.9,80.29958916201481,1026.3195350704602
2024-05-24,20.9,6.6,14.6,0.0,9.8,90.76932825225245,1021.9935125814688
2024-05-25,23.3,7.9,16.5,0.0,15.5,91.92043105391268,1020.5413305727526
2024-05-26,23.6,9.8,17.4,1.8,16.1,87.34342242104847,1019.4655406345948
2024-05-27,22.5,10.1,17.1,0.0,11.6,89.45508424475298,1016.042039720008
2024-05-28,25.2,9.4,19.0,0.0,10.8,93.26240560938544,1019.4937751183382
2024-05-29,27.5,12.6,21.2,0.0,13.3,99.24700330357872,1021.7794493121464
2024-05-30,28.1,14.4,22.2,0.0,16.9,97.4609685982288,1020.6059056073987
2024-05-31,28.8,14.1,22.3,0.0,18.3,91.61773527419803,1018.7210206107502
2024-06-01,29.7,14.8,23.2,0.0,16.0,86.4959909067022,1016.0869212372764
2024-06-02,27.5,14.6,21.9,1.6,23.6,87.63384587304893,1018.9628421886684
2024-06-03,24.5,16.4,20.7,2.5,23.0,98.30753631599647,1022.334866074232
2024-06-04,25.0,14.1,19.6,1.6,23.9,83.32063586159724,1018.8237771964108
2024-06-05,26.3,15.0,21.4,0.0,12.7,90.96759559697443,1017.8442489385416
2024-06-06,25.2,15.8,20.2,2.3,16.3,89.62981847083269,1017.4741703019292
2024-06-07,23.5,15.4,20.0,0.4,25.0,89.64706688696282,1016.6284546454661
2024-06-08,23.2,14.8,19.2,0.0,15.4,91.24443624607247,1014.0289863425256
2024-06-09,22.0,11.9,17.8,1.0,15.0,95.89616746864293,1020.0653882246824
2024-06-10,23.9,11.6,18.2,0.4,25.7,85.50976857877171,1009.7513348568489
2024-06-11,25.5,16.3,20.9,33.0,30.8,93.40249905471946,1019.963257736303
2024-06-12,25.9,16.7,21.5,11.9,17.3,91.1994144919231,1011.5970179734202
2024-06-13,23.4,17.1,20.0,3.8,22.2,81.2207323818623,1014.2503612149202
2024-06-14,22.3,14.4,18.6,1.6,24.6,88.7702156822573,1012.6554514424064
2024-06-15,24.5,13.5,19.3,0.0,11.9,82.73011647142869,1016.931333410094
2024-06-16,25.5,14.1,20.5,1.5,20.7,89.96831325599172,1013.3593974768338
2024-06-17,24.9,18.1,20.5,13.8,24.9,88.89302429873133,1010.0258411014959
2024-06-18,23.5,18.0,20.2,3.1,24.6,86.37005701365231,1011.5647023434345
2024-06-19,24.9,15.2,20.7,0.2,19.4,96.7886475162953,1011.743907082836
2024-06-20,23.5,14.1,18.7,16.8,34.1,81.61767655644566,1018.7955961518652
2024-06-21,20.9,12.2,16.9,0.0,26.6,87.87568687584445,1009.6958804202085
2024-06-22,21.3,11.9,17.0,0.0,20.6,91.74936420555431,1011.2965042332785
2024-06-23,22.1,10.6,17.1,0.0,12.3,100.0,1012.0476179797955
2024-06-24,20.5,10.4,16.7,0.4,15.5,88.22485771767907,1010.1169077891432
2024-06-25,22.5,10.3,17.5,0.1,24.0,100.0,1013.8505203587309
2024-06-26,22.0,14.6,18.4,0.3,25.3,83.99775850963711,1008.1941035425095
2024-06-27,25.0,12.1,19.7,0.0,21.3,87.67520427951152,1008.2691646730884
2024-06-28,27.0,12.7,20.7,0.0,9.0,86.10635329812351,1011.7177305989309
2024-06-29,29.9,16.4,23.8,0.1,10.8,87.64008120949177,1008.7605891684
2024-06-30,29.9,18.2,24.2,0.5,18.2,91.9048179686415,1008.5698314485767
2024-07-01,30.5,18.5,25.4,0.0,14.3,93.31790947077195,1009.3426935878576
2024-07-02,31.2,20.5,26.6,0.0,20.3,91.88537798308165,1018.2435489506709
2024-07-03,32.8,21.2,26.4,0.0,27.9,93.177448791979,1010.0622059420588
2024-07-04,32.8,18.4,25.9,0.0,19.2,97.18244133619267,1012.5941580874475
2024-07-05,28.5,18.4,23.1,16.8,28.6,89.71647509038641,1006.6482397880886
2024-07-06,23.0,15.7,19.4,0.7,22.1,86.488836512506,1008.8439810667043
2024-07-07,26.5,12.4,20.6,0.0,10.9,92.65612819154595,1006.0781917318917
2024-07-08,28.0,13.5,22.1,0.0,12.9,87.6651104353854,1011.6414541361527
2024-07-09,29.8,15.8,23.7,0.0,20.9,93.71791684218431,1006.7083457591749
2024-07-10,26.8,17.3,22.1,0.1,16.4,94.12078593107866,1001.9835323614607
2024-07-11,27.1,13.1,21.6,0.0,9.2,88.95791908366927,1004.0822749012161
2024-07-12,29.0,15.2,22.8,0.0,11.0,86.80633723045781,1005.4722319917705
2024-07-13,29.1,17.5,23.5,0.1,11.5,93.16154520679196,1003.2984735705578
2024-07-14,30.0,19.9,24.9,0.3,13.0,89.17491131288428,1005.7255974838594
2024-07-15,29.0,19.5,24.7,1.2,14.6,88.1897264985924,1004.7183127927941
2024-07-16,29.4,19.3,24.5,1.3,15.2,94.22336868687813,1003.6105672498647
2024-07-17,29.5,18.4,24.7,0.0,10.2,89.36994638484185,1009.3804531927414
2024-07-18,27.0,20.6,24.3,0.9,12.2,83.3493352907218,998.8027997826647
2024-07-19,24.5,18.9,21.2,5.5,16.8,84.04386318702528,1005.6977051148011
2024-07-20,23.9,15.9,20.1,1.2,15.6,87.28388463885223,1000.1794010689481
2024-07-21,24.3,15.2,19.9,1.4,12.2,87.0302165956887,1007.1157255524181
2024-07-22,22.1,15.2,18.7,7.9,21.5,93.10238202606094,1004.8004487092979
2024-07-23,23.0,14.2,19.0,0.1,16.4,84.53824621498286,1007.3664832976782
2024-07-24,26.1,11.4,19.8,0.0,13.3,89.27352821929516,1003.4547325430589
2024-07-25,25.1,14.4,20.2,5.7,12.6,88.19056063610151,1006.4778292258235
2024-07-26,24.4,12.0,19.3,0.0,11.0,84.86573375620911,1000.9306239968881
2024-07-27,26.8,12.6,21.0,0.0,15.2,81.61127293365183,1005.9373021782561
2024-07-28,24.7,16.3,20.7,7.3,26.1,85.13117883561844,1001.9907030846182
2024-07-29,22.0,15.2,18.1,11.1,22.1,92.11632288402559,1007.8660268259032
2024-07-30,21.6,11.9,17.3,0.7,19.9,89.72721090957072,1001.0234897692562
2024-07-31,19.5,13.4,16.7,1.4,21.1,86.93076861529299,998.7768056050581
2024-08-01,20.4,13.4,16.5,5.4,19.2,80.59041132263114,1003.966903439377
2024-08-02,21.5,12.6,17.1,1.0,18.2,82.39135775125965,1002.8326737631871
2024-08-03,22.6,13.1,18.2,0.6,12.9,92.412118487627,1003.2668637750425
2024-08-04,23.6,12.8,17.8,1.7,15.1,83.89943599375383,1004.8544428939156
2024-08-05,23.5,13.2,18.4,2.1,12.7,88.61337113085777,1004.8646055530661
2024-08-06,23.7,13.4,18.7,1.4,14.6,85.0693017113036,1002.4774683950965
2024-08-07,23.3,13.0,18.9,0.2,8.4,89.4943583154421,1003.6833795960291
2024-08-08,23.1,14.7,18.4,2.3,17.6,79.1649839720621,1003.2697147451721
2024-08-09,22.6,13.8,17.8,0.8,16.3,86.77871154972249,1002.1265639493557
2024-08-10,24.1,12.6,18.5,0.3,13.1,88.64279828251955,1000.1757058221594
2024-08-11,19.7,13.6,17.1,7.7,22.6,77.11274730854396,1006.9793040995174
2024-08-12,19.2,11.4,15.3,0.1,24.8,84.6877213450965,1004.5310172876754
2024-08-13,19.5,11.2,15.5,0.8,19.1,76.16480661492552,1004.8852197381299
2024-08-14,21.6,12.8,17.0,0.1,23.9,88.58524206485731,1007.8793719741142
2024-08-15,21.0,9.8,15.5,0.0,19.4,83.68160431600074,1008.840260224564
2024-08-16,23.4,9.7,16.9,0.0,19.2,77.14060778993647,1003.6201286201748
2024-08-17,24.8,12.9,19.4,1.8,23.0,72.00846060199747,1002.3192431960041
2024-08-18,26.4,17.2,21.1,0.4,17.8,79.6794895012631,1006.9039704521242
2024-08-19,27.4,13.9,21.4,0.0,10.8,76.98107689497819,1006.5922683292614
2024-08-20,24.1,16.5,20.7,4.9,17.3,80.35508756713223,1004.8914182417197
2024-08-21,23.1,12.0,17.7,0.0,12.8,77.38234891254626,1007.287227745661
2024-08-22,24.6,13.2,18.9,0.0,20.9,82.38966597832064,1007.8150547035668
2024-08-23,23.8,15.2,18.5,16.5,17.8,83.41477931410371,1008.7495571771142
2024-08-24,22.5,11.7,17.3,0.0,14.4,76.84598029771306,1007.3927305069458
2024-08-25,26.7,12.9,20.0,0.0,10.0,75.33075631653685,1001.0649773157287
2024-08-26,27.5,14.6,21.3,0.0,9.7,78.37245888349578,1008.5552985115552
2024-08-27,28.0,15.8,22.5,0.0,9.8,72.2731027730851,1008.9986108996039
2024-08-28,25.3,16.8,20.9,0.0,14.5,89.16922704372494,1010.3741890783398
2024-08-29,25.0,14.0,19.3,0.0,10.4,81.56081939679281,1005.8464274933182
2024-08-30,24.5,12.6,18.4,0.0,11.2,69.02499825553585,1008.83883231759
2024-08-31,26.3,12.8,19.3,0.0,12.7,78.58155069911987,1005.523397009559
2024-09-01,29.1,16.2,22.0,0.0,16.6,73.54776325247732,1012.6601672761824
2024-09-02,26.6,13.9,20.2,0.0,16.7,79.13369041830725,1011.1458774179895
2024-09-03,25.7,11.6,19.2,0.0,10.8,80.1589989897043,1010.4052001358616
2024-09-04,21.4,13.4,17.7,0.0,18.9,69.35180361172472,1011.5530140084045
2024-09-05,20.5,9.2,14.7,0.0,16.6,73.61280761525532,1011.5480729434137
2024-09-06,22.4,7.7,15.8,0.0,8.7,77.99960220551169,1007.280164034248
2024-09-07,23.8,9.3,17.6,0.0,7.3,78.28597615948091,1008.7626597084189
2024-09-08,24.7,9.1,17.2,0.0,9.2,70.45207562240032,1006.0465514298093
2024-09-09,25.4,10.1,17.9,0.0,14.1,74.28212259162098,1004.9706005315793
2024-09-10,25.8,12.8,19.3,0.1,20.8,77.44390889249392,1007.1168450098725
2024-09-11,25.1,14.6,19.9,0.0,20.5,74.5272251881125,1011.748037311076
2024-09-12,25.5,16.3,20.9,0.0,23.0,74.81982890143372,1014.555519529996
2024-09-13,26.1,18.1,21.5,0.0,26.8,70.80815703576486,1011.2236279984796
2024-09-14,24.7,13.4,18.9,0.0,19.4,69.67027664582692,1012.8701493063319
2024-09-15,25.6,12.7,18.6,0.0,16.3,71.31876152572505,1020.1780657984978
2024-09-16,24.4,9.4,17.0,0.0,14.6,73.34963428144653,1012.6900738903255
2024-09-17,24.3,10.1,17.0,0.0,10.8,62.809582520348606,1012.8809706960678
2024-09-18,23.5,9.9,17.3,0.0,10.9,69.15812941284757,1016.1119817288381
2024-09-19,21.2,10.1,15.6,0.0,19.1,66.59658001383676,1012.8360341725397
2024-09-20,20.4,9.2,15.1,0.0,13.9,75.21061471282884,1012.4083042165547
2024-09-21,21.7,10.9,15.9,0.0,20.9,79.41128929693795,1009.5715109619209
2024-09-22,13.9,5.6,10.6,0.0,13.8,65.75521129305393,1015.781767112624
2024-09-23,14.9,4.2,9.0,0.0,9.6,72.22962014739282,1019.5986313470605
2024-09-24,19.0,3.0,11.5,0.0,17.0,70.81829256784286,1011.2006458876632
2024-09-25,22.5,8.6,15.5,0.0,20.2,73.02108576773264,1021.0654713010459
2024-09-26,21.4,11.9,16.4,0.0,24.0,84.05186122323269,1023.4286588065792
2024-09-27,18.7,14.1,16.3,4.4,35.3,73.52002647872254,1017.8929277101338
2024-09-28,22.9,13.9,17.7,4.0,32.6,68.93274042999961,1018.4032329922907
2024-09-29,20.5,10.9,16.0,4.9,23.0,64.73250007271761,1017.0316889648308
2024-09-30,13.1,8.6,10.5,0.0,23.3,76.42308575598368,1014.8128948067396
2024-10-01,17.5,6.9,11.4,0.0,23.1,64.54459540617064,1016.1071859214526
2024-10-02,19.3,7.9,13.1,0.0,16.2,68.42047959958849,1017.8515913826118
2024-10-03,20.9,5.1,12.6,0.0,13.4,61.7352452255362,1021.7686493520388
2024-10-04,13.6,8.1,10.9,9.5,16.2,66.53148374261944,1018.9152341408488
2024-10-05,12.6,7.3,10.3,0.2,11.8,63.53923560564901,1018.2126384127391
2024-10-06,11.6,4.7,8.7,8.7,19.7,67.43551963080813,1019.3959306489878
2024-10-07,18.5,9.5,13.4,11.6,20.9,55.28335625996867,1021.7812266210611
2024-10-08,13.4,11.7,12.4,9.8,19.4,61.21853981040716,1017.3912045844208
2024-10-09,11.1,6.1,8.0,1.3,14.4,66.25163873766915,1019.1362509304205
2024-10-10,10.4,5.8,7.6,0.0,18.7,65.79802673977554,1024.569667508945
2024-10-11,15.2,6.5,10.0,0.0,22.8,62.152733122379175,1022.3548388861327
2024-10-12,13.8,7.6,10.0,0.1,26.2,69.78897888110474,1023.8355383191707
2024-10-13,7.9,3.5,5.8,0.0,25.5,60.551721838826644,1023.4969805386071
2024-10-14,5.7,0.6,2.3,11.7,26.7,65.12418525528997,1019.6691630462726
2024-10-15,8.4,0.9,4.9,3.8,15.9,66.94257627246495,1017.049553380748
2024-10-16,6.8,3.0,5.7,3.5,20.4,55.63499033837287,1018.1151620941914
2024-10-17,7.8,-1.5,2.3,0.0,11.7,68.37750583510301,1019.681466921054
2024-10-18,7.7,-3.3,1.4,0.0,10.5,52.46839302352636,1021.1457649148842
2024-10-19,8.1,-3.4,2.3,0.0,10.6,62.51260557044771,1020.2748512351211
2024-10-20,10.8,0.6,5.5,0.0,15.0,60.16114396726272,1020.4754411207113
2024-10-21,11.8,2.0,6.7,0.0,13.9,61.322633745666046,1025.0320001634955
2024-10-22,10.8,4.9,7.4,0.0,18.9,54.7604903736548,1029.6747846841147
2024-10-23,11.3,6.6,8.9,4.3,28.5,66.31213191785575,1021.6334584170781
2024-10-24,8.9,5.0,7.2,4.3,26.5,52.4898742256046,1026.7311273079372
2024-10-25,6.9,-0.9,5.0,0.4,19.7,52.922391010397774,1020.1313873409698
2024-10-26,7.8,-1.6,2.9,0.0,13.3,53.10860973899847,1020.3227223353633
2024-10-27,7.8,2.0,5.3,0.0,11.2,62.54714594554559,1024.2733421672888
2024-10-28,8.8,0.9,5.5,2.0,12.7,44.04853698317796,1020.0513059405836
2024-10-29,7.8,3.2,5.6,0.7,22.8,65.6429569510626,1022.0480014291849
2024-10-30,8.6,-0.9,4.2,5.6,30.9,65.36139030559461,1018.433080053344
2024-10-31,7.1,1.7,3.4,1.2,31.7,52.123061057119195,1029.8581709310724
2024-11-01,10.1,1.5,5.5,14.9,37.3,55.449842358402144,1025.6442531542161
2024-11-02,7.1,-2.8,0.8,8.2,28.7,63.73279180635813,1015.7168098538716
2024-11-03,0.9,-2.5,-0.3,0.2,26.8,52.993271123007574,1020.2783505754782
2024-11-04,0.2,-2.5,-1.0,7.1,28.1,49.15005079732165,1026.611706853511
2024-11-05,-1.0,-2.8,-1.3,0.4,21.8,58.17127618469477,1024.9601497458086
2024-11-06,3.2,-7.4,-1.2,3.1,19.3,52.697194729653084,1023.9922120054824
2024-11-07,4.9,2.2,3.7,0.0,19.4,63.17524663727027,1023.0532089392476
2024-11-08,4.6,2.8,4.0,0.2,19.9,51.15692876203806,1025.3303020846336
2024-11-09,6.8,0.9,3.7,0.0,25.8,56.62076067550383,1021.2111517220974
2024-11-10,5.2,1.4,3.7,0.0,17.6,60.873908898967116,1019.2050023287505
2024-11-11,1.4,-1.1,0.1,0.0,12.0,59.17952781674473,1023.5906293840324
2024-11-12,0.9,-2.8,-0.6,0.0,15.9,59.41701355898445,1019.8072366204647
2024-11-13,2.0,-0.2,0.8,0.0,11.0,60.16831572013584,1020.9809090964565
2024-11-14,0.4,-0.9,-0.3,0.1,10.8,59.70898810578171,1022.749412566332
2024-11-15,0.9,-0.9,-0.1,3.0,12.2,60.27714070473228,1020.7468272882688
2024-11-16,5.2,0.3,2.9,0.7,16.6,61.067814619679105,1021.574787999372
2024-11-17,5.8,3.8,5.0,0.9,16.7,49.05151304967985,1022.3111702952951
2024-11-18,4.3,3.0,3.7,0.6,16.8,61.703734029815166,1024.6995658137455
2024-11-19,3.3,0.6,2.3,0.7,14.9,58.288456282429024,1023.2583630256332
2024-11-20,6.2,-0.3,2.5,2.1,22.3,56.429197697489585,1021.0135476891223
2024-11-21,8.8,5.6,7.2,15.5,32.9,60.22859049040065,1021.2841939680513
2024-11-22,2.0,-0.8,0.3,1.0,19.6,50.599442435084086,1020.7004709834689
2024-11-23,0.6,0.1,0.3,14.2,18.8,53.732843497208506,1018.0381285358494
2024-11-24,0.0,-5.3,-2.6,0.7,14.5,44.11236022204814,1020.4376146924843
2024-11-25,-3.0,-7.7,-4.6,0.0,10.8,54.06087773030597,1019.2246425854556
2024-11-26,-0.6,-8.6,-3.0,0.0,12.0,46.18850439018624,1019.4371798258376
2024-11-27,-1.6,-9.3,-4.3,0.0,7.8,58.01077750097182,1013.5218607273646
2024-11-28,-1.6,-4.0,-2.5,1.2,5.8,53.33492205106144,1024.1966352498914
2024-11-29,1.0,-2.3,-0.3,0.4,8.9,46.7800758404822,1023.419348412978
2024-11-30,0.6,-0.5,0.2,0.0,13.0,46.623162258946024,1020.7141907782111
2024-12-01,1.9,-0.2,0.8,0.2,13.1,59.84715073305904,1017.1927118500914
2024-12-02,0.1,-1.6,-1.0,0.0,14.1,42.81837916994471,1022.3900531216067
2024-12-03,1.3,-0.2,0.4,0.0,12.9,54.61494938641794,1013.8267933100714
2024-12-04,0.7,-4.0,-0.9,0.4,12.6,53.641112660663794,1015.7718986468994
2024-12-05,-3.5,-6.2,-5.2,0.0,11.1,44.2237623506709,1018.5128478267395
2024-12-06,-4.4,-6.2,-5.5,0.0,16.2,59.4005091790996,1014.7661661758435
2024-12-07,-1.6,-4.7,-3.4,7.7,15.8,45.916576338085,1014.8604364082893
2024-12-08,-1.6,-3.8,-2.5,9.1,13.0,55.83585692308138,1023.85139066515
2024-12-09,-1.4,-3.4,-2.3,1.8,7.3,57.44923910563025,1016.3569005406546
2024-12-10,-2.3,-5.6,-4.5,0.0,9.7,50.910654738529374,1014.0362865289611
2024-12-11,-0.9,-6.8,-4.6,0.0,12.0,47.22201368869659,1014.6186741024779
2024-12-12,-0.7,-5.4,-3.2,0.8,16.0,50.58681033470819,1012.2051300307832
2024-12-13,-5.3,-10.1,-7.1,0.3,20.6,52.98472018461852,1014.6103959854931
2024-12-14,-4.2,-11.4,-6.8,2.7,13.7,54.86454842189061,1016.1119492003007
2024-12-15,-2.4,-5.8,-4.7,3.7,15.6,40.2336058068571,1011.2262124926257
2024-12-16,-0.2,-2.8,-1.7,4.0,22.2,50.57812838203038,1017.6167262438815
2024-12-17,-0.3,-8.9,-1.8,3.7,19.7,48.26458949742264,1008.5216167166874
2024-12-18,-8.6,-11.9,-10.9,0.2,18.3,60.84128967501236,1013.3936085407472
2024-12-19,-4.0,-19.0,-13.0,2.1,16.1,54.14081754494451,1014.0012831645196
2024-12-20,2.5,-3.3,1.1,0.9,15.8,45.28331130022888,1015.2846049766974
2024-12-21,1.8,-4.7,-0.1,1.0,17.3,55.18831386191789,1003.9563493522911
2024-12-22,-3.1,-5.9,-4.1,0.0,11.8,54.973837239069596,1010.1996159094027
2024-12-23,-1.1,-4.2,-2.9,0.0,9.2,45.11916641735862,1009.8134846810867
2024-12-24,0.2,-1.0,-0.3,0.9,5.9,49.736095176195775,1010.0552500322888
2024-12-25,-0.4,-1.9,-1.2,2.8,9.5,49.60679302603827,1005.5006787595948
2024-12-26,0.6,-1.1,-0.4,0.0,12.1,54.16205739275202,1010.9156657896677
2024-12-27,1.2,-0.3,0.6,0.0,11.9,50.85217711177953,1004.5635413059202
2024-12-28,-0.2,-1.6,-1.0,0.0,7.3,50.713468124703965,1006.0934613983322
2024-12-29,0.2,-1.0,-0.5,0.0,11.9,54.12171941818139,1010.3924780461613
2024-12-30,2.0,-0.6,0.3,0.3,22.8,48.90083485088632,1004.3136762212316
2024-12-31,1.5,-2.2,-0.8,5.1,15.9,42.531990754957185,1002.1362407136188
2025-01-01,1.3,-6.8,-2.6,3.9,19.8,51.870468611426105,1005.427484745438
2025-01-02,3.0,1.2,2.1,2.0,26.8,54.549950146367,1004.9771668095166
2025-01-03,1.4,-8.1,-3.7,3.5,19.6,56.94761663667494,1010.1331819870163
2025-01-04,-3.5,-8.9,-5.3,0.8,9.4,55.695369698721905,1006.4904709310484
2025-01-05,-3.8,-7.1,-4.9,0.5,17.0,52.18072540256962,1007.4203111313358
2025-01-06,-5.2,-6.6,-5.8,0.0,13.8,50.27695867444607,1005.4725123833888
2025-01-07,1.5,-5.7,-2.1,6.1,14.3,53.59182243434131,1005.943802726084
2025-01-08,3.3,0.9,2.1,1.0,18.6,52.4814811071035,1004.8338863883808
2025-01-09,0.6,-2.5,-0.4,0.0,14.5,51.09843356582186,1000.5553148899745
2025-01-10,2.1,-1.8,0.9,2.4,14.2,51.36369076167276,1004.951464486525
2025-01-11,3.8,0.8,2.9,5.0,15.7,41.79876980712024,1005.842113461966
2025-01-12,0.3,-2.2,-1.1,0.0,13.2,50.06332071962869,1001.0369594861048
2025-01-13,-1.5,-4.3,-2.5,0.8,11.1,59.327845699005216,1004.4049019624725
2025-01-14,-1.1,-7.7,-5.0,2.0,17.7,54.67429170514573,1001.4270681805835
2025-01-15,1.5,-2.8,-0.1,0.3,14.1,50.43812124620858,1002.1789096095746
2025-01-16,1.5,-4.7,-1.3,3.8,16.8,46.3161458885381,1007.8571531170877
2025-01-17,3.0,1.5,2.4,0.0,18.5,56.06402689645574,1005.8444112691506
2025-01-18,2.0,0.3,1.2,1.8,18.4,51.67724525375676,997.8857355224457
2025-01-19,1.1,-1.6,-0.3,0.0,18.0,47.35925032030129,998.8977365279942
2025-01-20,1.8,-2.3,0.3,0.0,17.0,50.627875107477315,1010.3130154950385
2025-01-21,-2.5,-7.6,-5.7,0.0,11.2,49.58374633065626,1001.8820892114469
2025-01-22,-2.0,-7.7,-5.4,0.9,16.0,56.74049776972575,1005.8951769534945
2025-01-23,-2.0,-3.0,-2.6,0.0,15.9,56.37318267868022,1004.3635992901042
2025-01-24,-1.1,-3.0,-2.0,0.0,9.1,44.04676404049938,1005.7065887735513
2025-01-25,1.5,-1.9,-0.5,0.0,11.9,56.79812893161433,1007.6035706925924
2025-01-26,3.0,0.6,1.7,0.9,13.8,55.774947509785434,1003.2593033633625
2025-01-27,4.5,1.5,3.4,2.4,16.0,54.6294919086206,1006.9947309147667
2025-01-28,4.0,2.9,3.5,0.1,12.7,48.24802960436,1007.9042371517802
2025-01-29,4.1,2.8,3.4,0.1,11.5,51.970972877961195,1006.5432523149389
2025-01-30,6.5,3.3,4.6,0.1,13.5,49.582813893061086,1002.2048196804133
2025-01-31,5.3,1.0,3.3,0.0,12.2,53.95418128055745,1003.1479057786612
2025-02-01,3.8,1.1,2.5,1.4,15.0,52.026898431446135,1004.0468878277013
2025-02-02,1.5,-0.8,0.4,0.4,14.2,53.125364226733694,999.2198589147227
2025-02-03,0.6,-1.6,-0.7,0.1,9.3,61.36824361162262,1007.586059916038
2025-02-04,0.3,-4.1,-1.8,0.0,6.5,55.71161331055209,1003.4384350749725
2025-02-05,0.1,-2.9,-1.5,0.0,16.0,49.21323135035347,1005.4364982321821
2025-02-06,-0.8,-2.4,-1.5,0.0,7.8,55.76199593192496,999.9325336282737
2025-02-07,-2.4,-4.6,-3.7,0.0,12.6,51.79657199798658,1003.4619518205467
2025-02-08,-3.2,-4.8,-4.0,0.0,7.5,64.1171069768924,1001.5316276808796
2025-02-09,-3.7,-5.2,-4.4,0.0,3.6,47.861568584132726,1002.4963835740513
2025-02-10,-4.0,-6.1,-5.0,0.0,6.7,51.378993131193056,1002.5743777554786
2025-02-11,-4.6,-6.9,-5.9,0.0,6.6,54.21144784803812,999.8793866365189
2025-02-12,-5.2,-7.9,-6.8,0.0,10.4,51.69516868324901,1006.6565674951535
2025-02-13,-6.0,-8.1,-7.1,0.0,8.6,52.34654091587903,1004.9935371208421
2025-02-14,-5.1,-9.9,-6.9,0.2,9.9,54.93853852347099,1005.9072476759411
2025-02-15,-7.6,-10.3,-8.5,0.2,11.9,58.396892535021216,1005.0975176632891
2025-02-16,-9.0,-12.6,-10.7,0.5,13.0,58.22221251653267,1010.3744607381017
2025-02-17,-9.9,-14.9,-12.2,0.0,14.7,66.17736842879864,1004.7925822089451
2025-02-18,-6.6,-15.8,-10.9,0.3,8.2,49.93863607071457,1004.563334837577
2025-02-19,-4.8,-10.2,-7.5,0.1,9.0,56.70522295408131,1005.7949147236416
2025-02-20,-6.4,-13.6,-9.2,0.0,8.1,53.89549509447673,1006.3386161739646
2025-02-21,-3.2,-12.1,-7.6,0.0,9.6,49.55468419954154,1002.2243918720898
2025-02-22,-2.7,-10.1,-7.4,0.0,8.1,60.94827458786865,997.4477372108612
2025-02-23,-3.7,-14.1,-9.6,0.0,6.6,54.740926130742004,1007.4151759273293
2025-02-24,-3.2,-16.0,-10.5,0.0,8.0,52.1984212925639,1006.1004255854115
2025-02-25,-2.0,-15.1,-9.5,0.0,4.4,61.76275486402356,1004.9536362714068
2025-02-26,-1.1,-10.5,-6.6,0.0,6.1,55.00014129160611,1006.0978944481925
2025-02-27,0.8,-11.7,-6.4,0.0,5.8,70.34278818384074,1013.2869567099631
2025-02-28,3.3,-11.5,-4.2,0.0,8.7,75.04895596163254,1009.690388466584
2025-03-01,3.2,-4.2,-0.7,0.0,9.6,60.644379654003366,1006.8491733305535
2025-03-02,1.3,-2.8,-1.1,0.4,8.2,66.37465922359549,1009.9680640758539
2025-03-03,1.1,-1.7,-0.4,1.2,12.3,61.116808620410055,1007.6757860213714
2025-03-04,3.1,-1.0,1.2,5.7,16.7,69.03918654693392,1008.7766624303592
2025-03-05,3.4,-0.1,1.2,3.2,22.3,66.6496294257813,1007.1088710416465
2025-03-06,7.4,1.6,4.4,2.3,19.9,52.58118848579594,1010.9225454612891
2025-03-07,8.8,1.6,7.0,0.0,22.2,68.65124626516906,1014.5234034015244
2025-03-08,9.6,-1.2,3.6,0.0,13.2,71.01962187137426,1012.4290146323231
2025-03-09,10.9,2.3,5.6,0.0,13.2,68.97446042736674,1012.3158392296276
2025-03-10,8.9,0.0,3.9,0.0,12.2,63.75369127473506,1011.8984004032301
2025-03-11,11.2,3.9,6.8,0.2,15.0,56.419983884509165,1009.9962254961331
2025-03-12,11.8,4.8,7.5,4.6,11.8,70.29438044623885,1014.9515897292694
2025-03-13,10.9,3.8,7.0,0.2,16.0,63.63039207372034,1008.2192571058314
2025-03-14,13.8,3.3,9.4,7.0,28.7,62.59684183635291,1010.9180850182212
2025-03-15,2.5,-1.5,0.3,0.0,14.1,64.76387187731981,1006.6754539867195
2025-03-16,4.4,-3.8,-0.1,0.0,12.0,71.89457400928683,1014.36289955789
2025-03-17,-0.9,-3.4,-1.7,1.8,16.1,67.9743648814843,1014.5895044610927
2025-03-18,1.5,-6.3,-2.3,0.0,8.4,69.41737331450999,1009.30438553165
2025-03-19,3.5,-4.2,-0.2,0.9,20.2,65.00916637201706,1021.6582767309544
2025-03-20,7.8,-0.9,3.1,0.0,14.8,58.092667671340365,1013.4538158014062
2025-03-21,8.7,1.5,4.6,0.0,14.4,69.30671396013123,1015.4948682768768
2025-03-22,4.0,-1.1,1.5,0.0,13.9,73.070460142974,1015.0469502487678
2025-03-23,4.8,-3.8,0.7,0.0,8.6,70.12777652573965,1012.9591337149152
2025-03-24,10.1,-1.5,4.1,0.0,17.0,75.92730521609703,1012.6302856633728
2025-03-25,5.0,1.3,3.9,5.2,17.1,66.30993801765452,1016.5703561522978
2025-03-26,5.3,1.0,3.0,0.2,8.6,70.92895450309258,1016.0244976042009
2025-03-27,7.6,2.7,4.8,1.8,9.1,68.76245795610546,1017.2780748013329
2025-03-28,10.6,2.8,6.1,0.1,6.0,63.5194013958477,1012.0656417231565
2025-03-29,12.6,1.1,6.9,0.0,8.3,61.780951582819384,1017.3668984060032
2025-03-30,11.9,2.2,7.2,0.0,10.1,73.10632148873584,1018.0406853821202
2025-03-31,14.1,4.6,9.3,0.0,12.6,74.53843029140438,1018.2367545514103
2025-04-01,12.9,7.0,8.7,6.8,14.7,69.7952295863765,1018.110441683199
2025-04-02,12.4,5.8,8.6,3.6,17.8,65.64562193331676,1019.0413917631942
2025-04-03,13.1,4.6,8.3,0.0,12.2,74.23894320146351,1017.0675033931076
2025-04-04,15.4,3.5,8.8,0.0,19.1,74.01470458165304,1019.2575065023016
2025-04-05,6.1,1.2,4.0,0.1,16.3,81.94883489562953,1023.5084442885599
2025-04-06,0.5,-2.9,-1.9,11.6,22.2,75.13164449080125,1022.0135845694334
2025-04-07,0.6,-2.8,-1.3,13.4,19.2,73.69318692046173,1015.4908346002045
2025-04-08,-0.6,-2.8,-1.4,7.3,13.5,70.06728352911226,1020.2602039064493
2025-04-09,-0.6,-3.5,-2.2,3.6,17.3,73.6014967854727,1020.3376852543739
2025-04-10,0.9,-4.8,-1.9,1.0,14.2,74.32777745035868,1024.0163837342013
2025-04-11,2.3,-5.2,-0.9,0.0,14.1,87.71243381208478,1017.5493817663122
2025-04-12,2.8,-1.3,-0.1,1.2,13.7,73.4018222129614,1024.6519386526534
2025-04-13,8.6,-0.9,3.0,2.4,12.2,74.6374523569477,1020.583201273157
2025-04-14,11.6,0.6,6.3,0.0,12.5,72.58829953636366,1023.39463639908
2025-04-15,17.1,6.2,11.5,0.0,16.2,76.17411587575099,1021.1991036447671
2025-04-16,19.9,7.2,13.3,0.0,7.9,85.51602690458465,1021.6896572450153
2025-04-17,17.7,8.4,12.9,0.0,13.5,80.4050548827862,1019.2742174086402
2025-04-18,22.4,11.1,16.3,0.4,10.3,67.79121543221109,1024.402242965022
2025-04-19,24.1,12.8,18.1,1.2,14.4,88.15087350560162,1022.8188362679347
2025-04-20,24.2,13.3,18.3,0.0,14.7,70.75997371924358,1021.3145882758186
2025-04-21,25.5,11.6,18.5,0.0,17.1,80.6581532168421,1023.4848384396064
2025-04-22,23.7,13.6,18.1,0.1,12.7,73.75035463313931,1020.0019050689341
2025-04-23,25.9,11.1,18.2,0.3,15.2,79.31766091764318,1025.836334256684
2025-04-24,19.4,10.1,14.9,0.0,12.4,83.44974614395622,1025.296542234488
2025-04-25,17.0,8.0,12.8,3.3,17.8,79.63783759824909,1018.9683631170597
2025-04-26,7.8,1.6,4.5,0.0,20.5,82.58190452016274,1025.5502923123597
2025-04-27,5.3,-0.6,2.6,0.3,18.4,78.35116323286628,1020.5573906757904
2025-04-28,11.1,-1.3,5.1,0.0,18.8,90.07416619272644,1015.9360983915625
2025-04-29,11.7,5.6,7.9,3.0,23.2,80.26138529531165,1023.2304453631152
2025-04-30,10.3,6.8,8.1,1.8,17.0,83.6637902140691,1022.0896946009768
2025-05-01,8.7,3.3,6.4,21.1,16.2,76.50646507131931,1019.9041654021017
2025-05-02,7.7,0.9,3.8,9.3,23.3,80.7440453348135,1027.1538716494636
2025-05-03,13.6,2.0,8.1,0.4,17.5,76.17833962815237,1022.6503977078721
2025-05-04,17.5,6.8,11.9,7.7,18.8,86.76567156289067,1021.1379324698629
2025-05-05,13.7,6.7,11.3,3.5,24.7,78.69737966279341,1022.2697548350494
2025-05-06,11.0,2.1,6.8,0.4,19.4,80.16056924391579,1019.9131466502952
2025-05-07,13.5,4.3,9.4,0.1,9.5,91.92843959021096,1025.741349230229
2025-05-08,9.1,4.1,6.6,0.2,13.1,81.17954615634075,1026.6747675002916
2025-05-09,9.1,2.5,6.0,0.0,15.4,87.53489185764559,1016.1777144483021
2025-05-10,9.9,1.9,5.9,1.8,15.5,86.81196327813399,1023.5968397505144
2025-05-11,8.4,2.4,5.1,1.2,16.7,89.68909665460704,1017.4893790098979
2025-05-12,9.1,1.4,5.0,4.0,14.0,93.31504685744704,1014.992760500079
2025-05-13,8.8,3.2,6.3,7.1,9.2,89.26745085325096,1021.9968298381432
2025-05-14,12.6,4.4,8.8,0.9,11.2,89.13571083069333,1023.3057036182242
2025-05-15,16.9,5.2,11.4,0.1,13.4,82.46701869175095,1019.3534334548864
2025-05-16,21.4,9.6,15.5,0.0,15.0,93.75680040959097,1021.1156636029696
2025-05-17,20.7,11.4,16.3,0.0,19.8,92.20963150861144,1021.4407644905335
2025-05-18,21.8,12.6,16.1,1.4,20.8,81.6147769946245,1020.5733870617396
2025-05-19,16.6,11.8,13.9,1.9,15.7,85.13355047096711,1019.1602719505681
2025-05-20,17.4,9.6,12.6,6.3,13.6,87.12937885605872,1018.6829059639393
2025-05-21,18.7,10.2,14.6,0.8,13.4,78.17700949549582,1021.8150845143656
2025-05-22,22.8,9.4,16.4,0.0,9.0,83.62386036798983,1022.0732497072253
2025-05-23,25.4,13.4,20.2,0.0,16.1,83.35989030047894,1018.5114052428984
2025-05-24,27.1,15.9,22.5,0.0,14.8,91.58079139515863,1012.0407695097986
2025-05-25,28.1,16.5,23.2,0.0,17.4,95.90965721778765,1021.5908872674117
2025-05-26,28.2,16.9,23.2,0.0,22.1,85.59280337470315,1024.3828316834495
2025-05-27,26.0,18.8,22.9,0.0,17.6,88.97441936419999,1020.6545045041408
2025-05-28,27.2,15.6,22.4,0.0,18.6,85.83723958345853,1016.7029256505593
2025-05-29,29.1,16.9,23.8,0.1,20.5,79.85502839685284,1013.213499533248
2025-05-30,25.6,19.4,23.0,0.5,20.9,83.20000723049226,1017.050239954034
2025-05-31,25.5,18.0,21.0,3.5,12.6,90.1053713075175,1017.2631877450841
2025-06-01,21.0,15.1,18.3,0.1,19.8,87.31305082449201,1021.5853188504261
2025-06-02,23.0,10.6,17.8,0.0,13.3,85.68459393297009,1013.7066574487316
2025-06-03,23.4,14.6,19.5,0.1,15.5,91.0774063306056,1018.037978918506
2025-06-04,22.3,14.8,18.7,0.4,17.5,84.0663797475215,1013.2253681494005
2025-06-05,25.1,13.2,20.0,0.0,12.5,87.91422901045291,1014.1838753368008
2025-06-06,26.5,16.4,21.6,2.7,15.9,86.84848988314725,1014.2251678422481
2025-06-07,27.2,18.5,22.8,3.3,17.7,89.1311669495368,1015.52811136836
2025-06-08,27.3,17.1,22.1,1.9,17.2,92.68880258056724,1019.5076294283475
2025-06-09,26.9,18.0,22.1,1.7,19.3,98.63936345801828,1015.8709996904677
2025-06-10,20.4,13.6,17.3,0.0,15.3,98.95690066308019,1014.3710357953601
2025-06-11,20.2,10.8,16.3,0.0,9.5,89.39432532814043,1013.8949573598794
2025-06-12,21.5,14.4,17.8,3.7,10.8,82.70476374124837,1013.9196504116327
2025-06-13,20.4,14.1,16.4,10.4,17.0,87.1807444978335,1008.3367274981139
2025-06-14,17.6,12.2,14.5,10.0,16.2,92.10711687354042,1009.0508265568907
2025-06-15,17.6,12.9,15.0,5.7,19.0,95.04175466896112,1019.1582456710167
2025-06-16,23.1,13.0,18.4,0.0,12.0,90.86795488824237,1011.3932552244992
2025-06-17,22.0,14.5,17.8,5.2,9.7,88.30765303259345,1010.260539890096
2025-06-18,19.6,14.6,16.5,4.1,9.5,88.68667953621356,1015.8179112193639
2025-06-19,17.8,13.1,15.1,4.7,19.8,87.75129452840095,1010.9850053966409
2025-06-20,17.0,11.2,13.6,7.8,14.5,93.33806448093947,1010.5483204239138
2025-06-21,16.5,11.8,13.8,0.1,17.5,97.00594425729001,1006.6199556579783
2025-06-22,16.2,9.9,13.2,2.6,14.3,94.32322090139341,1007.5646560468839
2025-06-23,19.4,10.9,15.3,0.0,9.9,88.44159949136373,1006.6555184171846
2025-06-24,20.4,11.2,16.3,1.9,20.0,90.30207457555395,1010.0044414121609
2025-06-25,18.9,12.9,15.9,1.8,19.1,85.40679701259056,1009.520311313778
2025-06-26,19.4,12.8,15.7,1.1,18.0,98.35095009638262,1010.6730184018155
2025-06-27,18.5,11.1,14.6,0.0,18.6,92.73736708837149,1007.363437944379
2025-06-28,22.4,10.1,16.6,0.0,11.9,85.38945267293767,1005.284636525504
2025-06-29,21.6,13.3,16.9,7.7,18.6,85.19500001173893,1008.2044619749435
2025-06-30,14.7,11.0,12.5,8.3,21.4,93.56862319709191,1007.4921730285006
2025-07-01,15.3,11.2,12.9,7.6,23.1,88.02624700148006,1006.2780807486407
2025-07-02,19.6,12.0,15.5,1.5,18.2,89.90658483314878,1009.3169475786824
2025-07-03,25.0,14.8,20.0,0.0,15.7,92.95131609369326,1005.648854549854
2025-07-04,24.6,16.8,20.9,1.5,16.4,91.2889373734094,1008.3565224879954
2025-07-05,20.1,13.7,16.7,0.0,17.5,96.12165269040064,1006.190076624971
2025-07-06,21.9,12.1,16.5,0.1,13.0,92.34600285893136,1006.9666808038673
2025-07-07,27.7,15.9,21.9,0.1,14.8,88.74216241652088,1006.9039688646354
2025-07-08,31.7,18.6,24.9,1.6,17.8,81.38860649540776,1007.1379409228667
2025-07-09,31.3,20.8,25.7,1.5,10.9,93.30463854622268,1004.4112431993011
2025-07-10,33.5,22.4,27.9,0.0,17.8,95.61365135784867,1003.0537310584401
2025-07-11,35.0,21.8,29.0,0.0,17.3,97.54776629447889,1005.1181022923341
2025-07-12,33.2,23.7,29.0,0.6,14.0,87.85192906549285,997.6951428513779
2025-07-13,30.9,21.4,26.4,3.1,12.4,74.42813815148997,1006.9611660675752
2025-07-14,28.0,19.9,23.8,1.8,11.0,84.82485736103516,999.869966262966
2025-07-15,26.6,18.7,22.3,9.0,9.1,93.60489086440394,1003.2080346516024
2025-07-16,24.5,17.8,21.0,7.4,8.9,87.78827949556917,1005.0365790806003
2025-07-17,25.2,17.3,21.2,5.6,9.0,89.51632921474396,1000.224839019586
2025-07-18,26.1,16.8,21.6,0.0,13.6,85.9460858443793,1002.3329408371083
2025-07-19,26.5,16.3,21.3,1.4,19.0,79.01781040328532,1004.8707463976895
2025-07-20,25.6,18.9,21.9,0.6,16.6,81.37528359708237,1006.2284181247016
2025-07-21,20.5,17.6,18.9,31.2,13.9,85.8071865430825,1002.0202716380428
2025-07-22,22.4,16.9,19.5,3.2,10.1,92.56860348033177,1004.0432051722387
2025-07-23,24.2,16.8,20.4,1.4,8.1,79.65930369978493,1001.7144528244627
2025-07-24,24.6,17.5,21.3,3.0,8.8,92.68316784776522,1003.6717706214426
2025-07-25,27.2,17.6,22.6,0.0,10.2,91.03993796550735,1005.0615441946071
2025-07-26,25.8,15.3,20.9,0.0,8.7,84.31064799948923,1002.5897576875686
2025-07-27,27.5,15.6,22.5,0.0,7.6,83.83280957970375,999.9209300038974
2025-07-28,29.6,19.0,25.0,0.0,9.0,87.95358285295542,1003.1325002918319
2025-07-29,30.3,20.0,25.6,0.2,10.7,92.47448402600111,1004.4833045196592
2025-07-30,30.1,19.9,25.4,0.1,10.4,84.8557908120834,1008.2626636405344
2025-07-31,29.4,20.5,25.6,0.1,12.8,79.50973517667003,1004.3393733176924
2025-08-01,25.6,19.2,22.1,18.3,15.3,84.66673850384784,1004.7825116667433
2025-08-02,23.7,18.5,20.9,1.1,10.9,80.6123277378745,1004.0850672068808
2025-08-03,25.9,15.9,21.1,0.2,8.7,91.01389632653208,1005.0317641033399
2025-08-04,22.5,18.5,19.6,21.7,12.0,78.38237856322108,1004.0375452561827
2025-08-05,23.3,18.4,20.5,7.4,17.1,90.91696226781409,1001.6776100628706
2025-08-06,24.7,17.1,21.0,0.0,11.4,84.87775836998443,1003.4073488600455
2025-08-07,19.8,16.1,18.1,5.2,13.7,83.87857975842839,1001.7464034769598
2025-08-08,21.1,12.6,17.1,0.1,11.2,85.22094388534778,995.4724532346522
2025-08-09,19.5,13.4,15.9,10.3,10.2,85.2745364285232,1007.8836710870355
2025-08-10,21.5,12.9,17.3,0.1,10.6,83.18564374297871,998.8106703372595
2025-08-11,19.5,14.3,16.6,1.9,8.7,86.74260803869623,1000.8989183654346
2025-08-12,20.4,14.1,16.6,5.0,12.3,82.60792210110104,1002.0491208465091
2025-08-13,20.6,12.9,16.7,1.0,14.9,80.93486368061947,1011.9984826624657
2025-08-14,18.0,11.6,15.1,0.5,13.8,84.35645126672182,1000.0799441897283
2025-08-15,22.9,14.6,18.2,0.0,14.1,78.14883081485112,1007.2101440473532
2025-08-16,23.0,12.3,18.2,0.0,13.4,74.38229132322111,1004.950472508489
2025-08-17,20.0,14.1,17.4,1.4,12.4,78.55013574645847,1000.3634250984226
2025-08-18,17.4,11.1,13.9,4.2,12.3,84.6170330587048,999.1540264428743
2025-08-19,19.6,14.0,16.6,0.5,17.9,88.10599000104999,1002.0810587402806
2025-08-20,21.9,12.8,16.6,6.8,19.8,78.3654185824956,1008.8471481572282
2025-08-21,15.8,12.1,14.2,9.0,9.2,79.40861480247776,1005.761532485536
2025-08-22,17.5,8.6,13.3,0.0,11.9,82.27825047903339,1010.4700165460243
2025-08-23,17.4,10.6,14.0,0.0,10.4,86.31728952121556,1009.5023972807405
2025-08-24,18.4,9.6,14.3,0.0,9.5,71.1064590160209,1007.0303656857444
2025-08-25,15.6,9.3,12.5,1.5,16.5,75.99044883267213,1008.8947491285253
2025-08-26,15.5,9.5,11.9,2.2,14.5,84.15496971452289,1009.2078197858441
2025-08-27,15.8,8.9,12.3,1.0,13.0,72.64124412903075,1004.4156634376156
2025-08-28,17.8,9.4,13.6,0.1,18.6,77.0126287423536,1010.5540349170961
2025-08-29,19.9,11.4,15.7,0.9,12.1,68.91339372126473,1009.9965055995334
2025-08-30,27.5,16.9,21.7,0.0,14.0,75.54916302416991,1013.5388383428857
2025-08-31,28.0,15.6,21.6,0.0,11.1,81.57773527911009,1008.7495213179521
2025-09-01,21.9,15.7,18.7,0.0,15.4,66.22957616655314,1008.6815336464282
2025-09-02,17.0,13.8,15.1,0.0,16.7,73.9242608983919,1015.9049969764238
2025-09-03,19.1,12.3,15.1,0.0,12.8,83.20745721753498,1010.8963442008616
2025-09-04,18.5,12.1,14.7,0.1,10.2,67.41550693590455,1012.6121771001118
2025-09-05,20.0,10.4,15.7,0.0,6.9,72.77759358258055,1011.4315984264612
2025-09-06,21.2,10.9,16.2,0.0,8.5,74.81404047528328,1012.9762891140207
2025-09-07,22.3,12.2,16.9,0.0,9.9,75.6348589247152,1012.4259929474966
2025-09-08,22.0,11.9,17.0,0.0,9.7,71.08726447937828,1013.0608094506991
2025-09-09,22.6,11.8,17.2,0.0,10.5,79.79986093866137,1011.875197758691
2025-09-10,19.5,10.1,14.8,0.0,8.1,72.85023049050601,1014.0457720547837
2025-09-11,21.0,7.9,15.1,0.0,7.7,65.1955683720977,1006.068218247798
2025-09-12,17.5,11.5,14.4,0.0,12.2,66.27419265810333,1011.9139185415952
2025-09-13,17.4,7.4,12.6,0.0,8.9,70.27855942243674,1017.8268796829059
2025-09-14,18.3,8.1,13.2,0.0,7.7,76.51414392479977,1013.9374847837553
2025-09-15,21.5,8.0,14.6,0.0,11.2,72.5794474789228,1012.8769059779514
2025-09-16,21.8,11.2,16.1,0.0,13.5,76.58016631394045,1017.5691836385386
2025-09-17,20.8,11.8,15.5,0.0,13.0,76.50577554631974,1013.5298931741518
2025-09-18,19.1,9.4,13.8,0.4,12.6,74.25738496943968,1011.5581008384379
2025-09-19,14.9,10.5,12.5,4.9,14.5,70.6227941947029,1019.1733479967716
2025-09-20,15.9,10.6,13.2,0.4,16.4,65.28116122679198,1015.8190734462215
2025-09-21,21.5,13.2,17.0,0.0,16.0,66.85085177240327,1018.8348849717482
2025-09-22,25.6,15.1,19.9,0.0,16.7,77.81021544007068,1016.4426324631429
2025-09-23,19.7,11.1,15.0,1.2,12.7,75.07222472395809,1021.6212865800944
2025-09-24,11.2,6.3,8.9,0.1,17.3,68.71077433894497,1017.2394523363056
2025-09-25,10.4,6.1,8.0,0.4,15.8,70.71196715420763,1021.8708171228415
2025-09-26,13.8,3.3,8.8,0.0,14.6,67.05856437947064,1019.7566401229861
2025-09-27,11.0,6.2,8.6,3.6,9.7,62.27732996748291,1012.1636550344405
2025-09-28,9.2,5.8,7.1,1.2,17.6,67.98477388277269,1018.3218222912303
2025-09-29,8.7,4.8,6.6,0.0,18.6,68.13660540085556,1019.0655417212264
2025-09-30,9.4,0.4,5.1,0.0,8.3,68.71324110946904,1014.4488698207441
2025-10-01,11.9,0.6,6.0,0.0,8.8,70.5928575728404,1016.3932540883884
2025-10-02,12.2,2.4,7.2,0.0,9.2,66.14471637528948,1016.1176311487153
2025-10-03,12.1,4.9,8.2,1.3,8.8,58.03737883407112,1020.1075411255341
2025-10-04,14.2,4.6,9.2,0.0,14.9,69.8979780206783,1021.4308684203656
2025-10-05,13.3,7.4,10.0,1.0,13.0,69.9379279666034,1023.3261612933707
2025-10-06,12.9,9.6,11.1,3.3,8.4,59.99372184892674,1018.9226641305886
2025-10-07,12.9,8.6,10.9,0.6,5.8,60.26491313323907,1021.5327210251617
2025-10-08,13.4,9.4,11.1,0.0,6.0,69.0141523918362,1028.7575490802205
2025-10-09,14.2,8.7,11.1,0.7,11.4,63.63388576934007,1021.341269983506
2025-10-10,11.4,8.4,10.0,1.5,13.0,65.34486071623348,1024.0476834538683
2025-10-11,12.2,8.4,10.1,0.7,13.1,64.5855561720066,1026.844105609709
2025-10-12,9.4,6.0,7.2,1.0,13.0,62.89720427755074,1019.9492359198154
2025-10-13,6.3,2.7,4.1,20.6,14.3,70.33625615311468,1019.4167190270873
2025-10-14,5.8,3.6,4.4,5.1,13.6,67.56145748364777,1019.3712197613471
2025-10-15,5.4,0.5,3.7,6.6,14.3,50.4826161979221,1023.4671057416195
2025-10-16,5.8,-0.9,3.7,0.5,13.1,68.9553578386521,1022.1115478413863
2025-10-17,10.5,6.1,7.8,2.7,16.8,53.00879776403184,1024.6908329898115
2025-10-18,7.2,4.4,6.0,0.2,10.5,59.510136278750444,1025.1261655008782
2025-10-19,7.7,4.4,5.7,0.3,11.2,55.42580686100992,1023.4363694882314
2025-10-20,8.4,4.2,6.0,0.4,12.0,64.3847353017506,1023.0854349460047
2025-10-21,5.0,3.2,4.2,2.4,12.5,57.65507894732292,1021.4764176970403
2025-10-22,6.8,4.2,5.1,0.0,6.7,52.1136567449703,1022.4227972993758
2025-10-23,6.3,2.8,4.7,0.1,10.6,53.7884517815058,1021.8856157069038
2025-10-24,9.8,4.8,7.0,1.9,13.3,61.46764040857286,1021.757374559197
2025-10-25,11.9,8.1,9.5,0.3,18.2,62.092142615058954,1021.0092635195731
2025-10-26,8.4,5.2,7.3,4.7,17.9,63.761909915909506,1027.6927145544812
2025-10-27,8.9,3.6,6.3,2.8,17.3,52.27190817138726,1022.2822717088001
2025-10-28,7.7,5.2,6.2,6.9,13.1,59.40128631236638,1017.345626035811
2025-10-29,7.6,4.0,5.3,2.6,11.5,64.14311996633703,1025.0722151618843
2025-10-30,7.9,3.8,5.6,0.0,10.3,59.176892828074195,1027.4630867083351
2025-10-31,6.4,4.4,5.5,9.9,17.6,66.20780828724828,1026.9180831640856
2025-11-01,6.4,4.4,5.4,0.0,10.5,55.68811713886709,1027.1551359134285
2025-11-02,7.2,3.6,5.0,0.1,10.9,59.892909572217015,1024.1834268443065
2025-11-03,8.9,4.0,6.0,1.8,14.8,51.664758751301775,1022.6880039400163
2025-11-04,9.4,7.8,8.5,3.0,15.0,48.30509249724136,1019.6689004334028
2025-11-05,8.6,3.8,6.4,0.0,13.6,54.50229223632171,1023.3838413984037
2025-11-06,8.8,5.2,7.0,1.6,14.9,47.59884257270789,1022.1488788182512
2025-11-07,10.0,7.2,8.5,1.6,13.1,54.84094394141997,1024.0113994909382
2025-11-08,10.5,8.1,9.0,0.2,15.0,58.1219639814467,1024.151301793435
2025-11-09,8.0,3.7,5.8,0.0,12.6,61.89489188820812,1021.6508582500987
2025-11-10,3.7,2.5,3.1,0.0,9.0,57.63049532121548,1021.5549894103663
2025-11-11,5.3,2.8,3.6,0.0,7.0,67.53442864533646,1024.4247617459241
2025-11-12,4.3,2.3,3.3,1.0,13.5,59.555170078393644,1022.4017666972676
2025-11-13,6.3,3.5,4.7,0.1,14.4,52.32750119813256,1021.1319816657885
2025-11-14,6.8,4.2,5.5,0.5,21.4,54.63330334841441,1022.0185459150389
2025-11-15,5.2,-3.2,0.4,12.8,14.6,62.237269768980944,1024.3070609478273
2025-11-16,-2.0,-5.4,-3.8,0.0,13.9,51.88797605457831,1024.896688282404
2025-11-17,3.2,-5.2,-0.4,2.9,17.1,52.42020824910454,1025.8702242143897
2025-11-18,9.4,1.1,5.1,10.1,20.3,59.71298098710359,1016.3099579394272
2025-11-19,0.9,-0.6,0.3,0.0,17.9,51.503708485887394,1024.455065828599
2025-11-20,1.1,-1.5,-0.4,0.0,13.4,45.126082190486464,1020.0427447609726
2025-11-21,1.2,-1.9,0.1,0.6,14.7,53.60537301425695,1022.19274820201
2025-11-22,2.0,0.2,0.9,4.6,7.1,52.35013024276924,1021.5559426578811
2025-11-23,0.9,-1.9,-0.3,0.1,14.3,49.52345199373208,1017.5481624718135
2025-11-24,4.9,-1.0,1.7,10.5,19.9,52.461383637445714,1020.3525159916979
2025-11-25,1.1,-0.6,0.2,0.0,16.7,59.477104975232635,1011.4511408810438
2025-11-26,0.9,0.2,0.5,7.2,8.5,53.697797964633864,1019.1402129098323
2025-11-27,5.1,1.0,3.7,6.3,12.1,42.572822018707456,1023.3128758564308
2025-11-28,5.6,1.5,3.4,3.7,12.1,56.33060088892764,1017.500728800747
2025-11-29,1.1,-0.3,0.2,0.0,11.0,52.95457789057588,1018.3659896056289
2025-11-30,3.0,0.6,1.9,0.2,8.6,50.68208636480007,1016.8865604377829
2025-12-01,2.8,-0.6,0.7,0.0,10.3,52.45904585871614,1013.1709807464106
2025-12-02,0.9,-0.1,0.4,0.0,8.8,50.89514856547767,1016.3587833234736
2025-12-03,1.5,0.4,0.8,0.0,6.0,44.133532484138755,1015.4044590876799
2025-12-04,2.9,0.8,1.8,0.0,8.5,42.529284923155664,1013.946087955202
2025-12-05,2.7,1.0,2.0,0.0,8.5,54.217950837024354,1017.20934678235
2025-12-06,3.5,1.8,2.7,0.0,9.2,50.5701101925588,1011.9659369367859
2025-12-07,2.2,0.2,0.8,0.0,9.8,45.000769966343945,1008.0037170298673
2025-12-08,0.8,-0.3,0.2,0.0,12.8,50.70367152070114,1014.1821420406031
2025-12-09,0.2,-1.1,-0.4,0.4,18.2,47.92642408339426,1015.9153493542641
2025-12-10,0.3,-1.6,-0.5,2.2,13.3,54.122876405928984,1015.6107306999573
2025-12-11,3.4,0.4,2.0,4.2,17.6,44.124748132107406,1012.9234193332378
2025-12-12,4.3,-3.8,1.5,3.6,21.1,51.5788987519712,1014.4266020991587
2025-12-13,-3.8,-5.6,-4.8,0.8,25.0,45.49335205600735,1008.5042363838872
2025-12-14,-5.1,-8.1,-6.0,0.6,17.1,46.98792477493886,1008.4612321863049
2025-12-15,-5.7,-11.1,-7.8,0.1,9.7,51.74635284416687,1016.2269663810824
2025-12-16,1.5,-6.4,-2.1,1.4,14.3,48.80073013597504,1013.6195109860064
2025-12-17,1.8,0.3,1.2,0.1,12.4,52.5346035395881,1013.3054429546245
2025-12-18,1.4,-0.2,0.3,0.0,15.7,43.703664201910115,1006.6935374405833
2025-12-19,1.4,-1.2,-0.1,0.2,11.7,54.828709385549196,1012.7158705730254
2025-12-20,-0.2,-0.9,-0.6,0.0,13.5,51.60455820942582,1002.908806516477
2025-12-21,0.7,-0.6,0.1,0.5,13.8,47.349953654523155,1008.7537094344442
2025-12-22,1.1,-4.6,-0.5,1.7,18.9,43.42228462081287,1014.7226961500699
2025-12-23,-5.8,-15.4,-11.6,0.0,17.5,49.358091867820384,1013.8247529049249
2025-12-24,-5.4,-17.0,-12.2,0.7,16.2,41.91370739039387,1010.9228559874285
2025-12-25,-0.6,-4.8,-2.6,3.6,19.3,45.92737882412708,1009.1580977905005
2025-12-26,0.9,-0.2,0.5,9.4,21.4,43.917259405466666,1008.813475930932
2025-12-27,0.4,-3.3,-1.1,0.8,18.4,46.563979803426115,1008.101799917166
2025-12-28,-2.1,-3.2,-2.8,2.7,11.4,51.29964636249305,1011.3771492254795
2025-12-29,-3.5,-5.2,-4.2,2.1,7.4,50.09086217957799,1011.4173390080545
2025-12-30,-4.2,-5.8,-5.0,4.6,13.0,57.65383147962174,1003.9426180198915
2025-12-31,-5.0,-8.5,-6.9,2.8,10.9,47.2774940244462,1003.2886962429864
2026-01-01,-7.8,-12.3,-10.3,0.0,11.4,56.787484766684294,1004.4795300377159
2026-01-02,-8.1,-13.4,-11.2,2.3,19.0,47.28432034778872,1006.3907927214351
2026-01-03,-2.6,-8.1,-5.7,6.0,10.0,52.85513849542647,1009.0369531747388
2026-01-04,-2.1,-10.1,-3.9,0.6,16.2,54.09679395789108,1002.8736877298553
2026-01-05,-4.2,-6.7,-5.1,0.1,13.9,55.78761618467118,1002.1631453524698
2026-01-06,-5.1,-7.7,-6.5,0.8,14.0,50.604729408018486,1003.3428528033022
2026-01-07,-5.1,-7.0,-6.0,3.7,15.4,48.76848643440644,1002.1955566625223
2026-01-08,-5.2,-8.6,-6.8,6.8,18.0,54.640397768936666,1010.0349663660274
2026-01-09,-4.2,-11.0,-8.5,18.9,24.9,58.150364082239506,1002.8908387991055
2026-01-10,-1.5,-7.5,-4.5,0.3,13.6,52.23151517254726,1000.5484498494274
2026-01-11,-3.3,-9.6,-6.7,1.4,12.3,50.52854563420935,1002.0812258342461
2026-01-12,-3.4,-5.1,-4.3,5.7,15.0,55.96845492234232,995.9761295750219
2026-01-13,-4.0,-9.8,-7.5,0.0,6.9,49.00907604776936,1000.2288388787881
2026-01-14,-4.4,-9.3,-6.4,3.6,6.8,57.065977346208726,1003.7445210358176
2026-01-15,-6.2,-10.5,-8.2,0.0,5.4,43.94762950514911,1003.2229006281555
2026-01-16,-9.2,-12.8,-10.9,0.0,6.0,52.727268046427454,1004.4577307283535
2026-01-17,-9.7,-15.4,-13.3,0.0,8.4,56.55496807870546,1002.4077397902154
2026-01-18,-9.3,-14.9,-12.1,0.0,15.3,47.69189795068735,1005.726984756246
2026-01-19,-6.2,-9.0,-7.3,0.5,10.3,44.343463515216776,999.3443220725982
2026-01-20,-4.9,-6.4,-5.9,0.5,9.1,47.84025219710886,998.6444926821981
2026-01-21,-6.1,-7.2,-6.7,1.9,7.2,51.95741419685035,1003.141426317213
2026-01-22,-6.4,-9.1,-7.8,0.1,10.5,55.67317087416961,1004.1389952832631
2026-01-23,-9.3,-17.1,-12.3,0.0,9.1,47.20899330086714,1005.7688943020474
2026-01-24,-16.6,-20.1,-18.4,0.0,5.2,56.93748740011302,1004.341891195827
2026-01-25,-16.5,-21.2,-18.7,0.0,6.5,55.93624724403893,1001.1653644044914
2026-01-26,-10.6,-20.5,-15.6,0.1,19.6,58.807267110696486,996.4440887027846
2026-01-27,-7.4,-10.3,-8.3,12.9,18.0,52.89232561455315,1001.6624652378893
2026-01-28,-8.4,-12.4,-10.6,9.6,9.9,54.849577777514384,1004.0102622949905
2026-01-29,-10.4,-12.1,-11.5,6.6,15.9,51.30582799956351,1000.0862832862563
2026-01-30,-12.2,-18.6,-15.4,0.0,14.3,60.83126372463439,1001.2940173230648
2026-01-31,-17.0,-21.1,-19.2,0.0,17.1,54.104066909520874,1002.3934438242683
2026-02-01,-19.1,-22.1,-20.8,2.3,19.6,52.64254064963144,1003.6599702910243
2026-02-02,-17.5,-21.9,-19.9,0.4,10.4,52.059058322488895,1002.3668658493018
2026-02-03,-17.0,-25.5,-20.9,0.0,9.7,52.7942764557775,1003.8920407234629
2026-02-04,-12.8,-20.1,-16.7,0.0,11.7,57.95520795382676,1005.1348915187144
2026-02-05,-12.5,-20.5,-17.4,0.0,9.9,53.26730209821726,1008.1258903991164
2026-02-06,-12.0,-18.1,-15.1,0.2,9.9,59.24338652365067,1003.6726922722079
2026-02-07,-10.1,-15.4,-12.6,0.2,10.3,51.065001291537214,1003.7604103741929
2026-02-08,-9.9,-13.6,-12.0,0.1,16.6,59.55247199614536,1011.5805082690159
2026-02-09,-10.1,-11.8,-11.0,0.0,14.7,57.689488247140794,1003.5058454857767
2026-02-10,-8.5,-13.4,-10.6,0.0,13.5,61.45596772950135,1004.1671017131504
2026-02-11,-5.4,-15.6,-10.5,2.0,15.0,51.395716023198524,1002.1107645280941
2026-02-12,-2.5,-6.4,-4.5,4.7,14.0,67.39214501078874,1006.4277838279334
2026-02-13,1.6,-2.7,-0.1,4.3,11.4,50.59408327205462,1007.3719515317686
2026-02-14,1.6,0.1,0.7,1.5,13.6,59.34556957870594,1004.1693240985977
2026-02-15,0.4,-14.2,-8.9,1.0,13.6,60.47597772113473,1004.9394332936417
2026-02-16,-11.9,-14.8,-13.3,5.8,23.9,56.04026937666854,1006.4143855183328
2026-02-17,-11.1,-17.9,-14.4,0.0,16.9,60.93500575420057,1004.4976094317009
2026-02-18,-10.1,-22.0,-17.0,0.0,11.9,59.470593414494836,1012.685859321359
2026-02-19,-5.3,-11.2,-7.3,18.5,21.4,65.5754654294994,1011.8049789145965
2026-02-20,-5.8,-9.8,-7.9,2.0,17.3,59.17260162315268,1006.2693262593649
2026-02-21,-2.8,-8.9,-6.0,0.7,18.8,60.58700486998712,1007.377677109869
2026-02-22,-0.9,-6.1,-3.6,1.3,24.3,70.94514837422183,1005.2411182839006
2026-02-23,-1.2,-11.1,-5.2,0.1,19.0,58.28457405760918,1014.0943237246746
2026-02-24,-4.4,-11.1,-6.0,7.1,13.1,62.63622685825589,1010.7676392689718
2026-02-25,-4.1,-6.3,-5.4,2.6,10.8,58.27390195677034,1011.8442992536026
2026-02-26,-4.9,-7.9,-6.3,0.0,9.0,53.381599985299054,1015.473616265307
2026-02-27,-1.3,-5.8,-4.0,0.4,16.5,54.318601392088375,1007.7313273238519
2026-02-28,1.8,-2.0,0.2,2.2,16.3,59.09299629677072,1009.3435817573005
2026-03-01,2.2,1.0,1.7,0.1,9.4,60.246473504717116,1011.8595072119911
2026-03-02,2.5,0.1,1.2,7.1,14.8,65.65536815248315,1012.0247081664943
2026-03-03,0.9,-1.1,0.4,1.7,14.0,62.28338012796068,1007.3002988598531
2026-03-04,0.9,-3.4,-1.0,3.6,13.5,51.93478428277684,1008.78857983897
2026-03-05,1.8,-3.9,-0.7,0.4,10.0,52.034691569860016,1006.809697161863
2026-03-06,-0.2,-10.5,-3.7,0.0,8.5,56.66081583060783,1010.4753199899053
2026-03-07,1.9,-4.3,-0.8,0.0,21.1,74.48974230411832,1009.0744272754658
2026-03-08,2.1,-5.1,-0.9,1.9,15.1,61.042873011361834,1012.5200907579436
2026-03-09,2.3,-7.2,-3.4,0.7,12.4,59.86768428568489,1010.9552081711045
2026-03-10,5.7,1.3,3.2,0.0,14.1,69.84234912002378,1021.1808512446603
2026-03-11,6.4,-0.5,3.2,0.0,13.6,56.87820778054781,1011.0347089875909
2026-03-12,7.8,1.5,4.0,0.0,11.5,71.11562386455515,1012.8909207116562
2026-03-13,7.4,1.5,4.1,0.0,10.7,73.28802526775381,1014.9727922221174
2026-03-14,5.9,-0.1,2.9,0.0,11.9,67.93015824328788,1014.2127933701561
2026-03-15,5.2,-4.5,1.1,0.0,10.1,74.74262110342048,1015.839390287196
2026-03-16,4.7,-4.8,0.1,0.0,8.2,66.53904562412934,1013.0595483874895
2026-03-17,5.7,-5.7,0.0,0.0,8.6,68.42377742942341,1013.8598575607784
2026-03-18,6.8,-3.3,1.4,0.0,8.2,74.19910893235203,1012.3624526927257
2026-03-19,6.2,-5.2,0.8,0.0,9.3,68.63246172832683,1017.4436156363594
2026-03-20,4.2,-4.8,0.6,0.0,9.9,62.77859992770315,1017.7331802860848
2026-03-21,5.3,-2.0,0.7,0.0,9.2,66.00174631260249,1015.5241856257129
2026-03-22,7.2,-3.6,0.9,0.0,8.3,74.1611718373139,1018.4365112064405
2026-03-23,6.4,-2.8,1.8,0.0,10.2,62.45213468693612,1018.5074837686884
2026-03-24,7.7,-1.8,2.7,0.0,9.9,69.87368335618827,1015.6604031039348
2026-03-25,6.6,-2.0,2.3,0.0,10.4,66.99474102204073,1013.3975028558166
